Time Stamp,available_memory_MB,app_pss_MB,battery_level_percentage,battery_temperature_celcius,battery_current_now_milliamps,sensor_temperature_celcius,power_current,power_level_state,power_voltage,power_wattage,cpu_level,gpu_level,cpu_frequency_MHz,gpu_frequency_MHz,mem_frequency_MHz,minimum_vsyncs,extra_latency_mode,phase_sync_mode,average_frame_rate,display_refresh_rate,average_prediction_milliseconds,screen_tear_count,early_frame_count,stale_frame_count,maximum_rotational_speed_degrees_per_second,foveation_level,eye_buffer_width,eye_buffer_height,app_gpu_time_microseconds,timewarp_gpu_time_microseconds,guardian_gpu_time_microseconds,cpu_utilization_percentage,cpu_utilization_percentage_core0,cpu_utilization_percentage_core1,cpu_utilization_percentage_core2,cpu_utilization_percentage_core3,cpu_utilization_percentage_core4,cpu_utilization_percentage_core5,cpu_utilization_percentage_core6,cpu_utilization_percentage_core7,gpu_utilization_percentage,spacewarp_motion_vector_type,spacewarped_frames_per_second,app_vss_MB,app_rss_MB,app_dalvik_pss_MB,app_private_dirty_MB,app_private_clean_MB,app_uss_MB,stale_frames_consecutive,max_repeated_frames,screen_fill_rate_left_eye,screen_fill_rate_right_eye,screen_fill_rate,screen_red_intensity_left_eye,screen_red_intensity_right_eye,screen_red_intensity,screen_green_intensity_left_eye,screen_green_intensity_right_eye,screen_green_intensity,screen_blue_intensity_left_eye,screen_blue_intensity_right_eye,screen_blue_intensity,screen_color_intensity_left_eye,screen_color_intensity_right_eye,screen_color_intensity,screen_brightness,screen_dimming,screen_power_consumption,hands_input_extra_delay,eyes_input_extra_delay,avg_vertices_per_frame,avg_fill_percentage,avg_inst_per_frag,avg_inst_per_vert,avg_frag_inst_per_pixel,avg_vert_inst_per_pixel,avg_textures_per_frag,percent_time_shading_frags,percent_time_shading_verts,percent_time_compute,percent_vertex_fetch_stall,percent_texture_fetch_stall,percent_texture_l1_miss,percent_texture_l2_miss,percent_texture_nearest_filtered,percent_texture_linear_filtered,percent_texture_anisotropic_filtered,vrshell_average_frame_rate,vrshell_gpu_time_microseconds,vrshell_and_guardian_gpu_time_microseconds,render_scale,dynres_recommendation_percentage,dynres_recommendation_width,dynres_recommendation_height
1000,691,309,69,42,9999,0,1304,0,3889,5071,4,3,1920,492,1708,1,0,1,73,72,31,0,2,10,0,0,1680,1760,484,1044,0,10,60,50,54,0,5,10,0,0,11,0,0,11586,483,0,212,0,212,9,1,0,0,0,0,0,0,0,0,0,0,0,0,0,0,0,0,0,0,0,0,0,0,0,0,0,0,0,0,0,0,0,0,0,0,0,0,0,0,0,0,100,0,0,0
2000,691,309,69,42,9999,0,1314,0,3889,5110,4,3,1920,492,1555,1,0,1,72,72,26,0,0,0,0,0,1680,1760,296,884,0,14,41,36,29,4,10,14,0,0,10,0,0,11586,483,0,212,0,212,0,0,0,0,0,0,0,0,0,0,0,0,0,0,0,0,0,0,0,0,0,0,0,0,0,0,0,0,0,0,0,0,0,0,0,0,0,0,0,0,0,0,100,0,0,0
3000,691,309,69,42,9999,0,1500,0,3889,7058,4,3,1920,492,1555,1,0,1,72,72,23,0,0,0,0,0,1680,1760,286,881,0,42,69,57,57,23,31,42,0,0,6,0,0,11586,483,0,212,0,212,0,0,0,0,0,0,0,0,0,0,0,0,0,0,0,0,0,0,0,0,0,0,0,0,0,0,0,0,0,0,0,0,0,0,0,0,0,0,0,0,0,0,100,0,0,0
4001,691,309,69,42,9999,0,1500,0,3889,6735,4,3,1920,492,1555,1,0,1,72,72,23,0,0,0,0,0,1680,1760,286,881,0,42,69,57,57,23,31,42,0,0,6,0,0,11586,483,0,212,0,212,0,0,0,0,0,0,0,0,0,0,0,0,0,0,0,0,0,0,0,0,0,0,0,0,0,0,0,0,0,0,0,0,0,0,0,0,0,0,0,0,0,0,100,0,0,0
14000,548,328,69,42,9999,0,1347,0,3786,5099,4,3,1920,492,1708,1,0,1,73,72,23,0,2,11,0,0,1680,1760,619,1219,0,14,52,52,50,5,9,14,0,0,15,0,0,11511,501,0,212,0,212,183,42,0,0,0,0,0,0,0,0,0,0,0,0,0,0,0,0,0,0,0,0,0,0,0,0,0,0,0,0,0,0,0,0,0,0,0,0,0,0,0,0,100,0,0,0
15000,548,328,69,42,9999,0,1281,0,3890,4983,4,3,1920,492,1555,1,0,1,72,72,23,0,0,0,0,0,1680,1760,650,1283,0,19,44,52,38,9,9,19,0,0,15,0,0,11511,501,0,212,0,212,0,0,0,0,0,0,0,0,0,0,0,0,0,0,0,0,0,0,0,0,0,0,0,0,0,0,0,0,0,0,0,0,0,0,0,0,0,0,0,0,0,0,100,0,0,0
16000,548,328,69,42,9999,0,1275,0,3890,4959,4,3,1920,492,1555,1,0,1,72,72,21,0,0,0,0,0,1680,1760,309,833,0,20,33,30,26,9,9,20,0,0,9,0,0,11511,501,0,212,0,212,0,0,0,0,0,0,0,0,0,0,0,0,0,0,0,0,0,0,0,0,0,0,0,0,0,0,0,0,0,0,0,0,0,0,0,0,0,0,0,0,0,0,100,0,0,0
17000,548,328,69,42,9999,0,1500,0,3890,6791,4,3,1920,492,2000,1,0,1,73,72,21,0,0,0,0,0,1680,1760,298,872,0,39,61,47,42,14,31,39,0,0,5,0,0,11511,501,0,212,0,212,0,0,0,0,0,0,0,0,0,0,0,0,0,0,0,0,0,0,0,0,0,0,0,0,0,0,0,0,0,0,0,0,0,0,0,0,0,0,0,0,0,0,100,0,0,0
18000,548,328,69,42,9999,0,1500,0,3890,7500,3,2,1920,492,2000,1,0,1,28,72,27,0,2,42,0,0,2192,2288,0,732,0,21,68,61,95,19,21,15,0,0,13,0,0,11511,501,0,212,0,212,0,38,0,0,0,0,0,0,0,0,0,0,0,0,0,0,0,0,0,0,0,0,0,0,0,0,0,0,0,0,0,0,0,0,0,0,0,0,0,0,0,0,130,100,2192,2288
19000,548,328,69,42,9999,0,1500,0,3890,7500,3,2,1651,456,2000,1,0,1,69,72,39,0,56,11,0,0,2192,2288,3643,1906,0,25,78,71,64,14,10,25,0,0,42,0,0,11511,501,0,212,0,212,42,3,0,0,0,0,0,0,0,0,0,0,0,0,0,0,0,0,0,0,0,0,0,0,0,0,0,0,0,0,0,0,0,0,0,0,0,0,0,0,0,0,130,100,2192,2288
20000,548,328,69,42,9999,0,1500,0,3890,7500,3,2,1651,456,2000,1,0,1,72,72,52,0,144,0,0,0,2192,2288,3766,1871,0,23,33,47,35,10,5,23,0,0,41,0,0,11511,501,0,212,0,212,0,0,0,0,0,0,0,0,0,0,0,0,0,0,0,0,0,0,0,0,0,0,0,0,0,0,0,0,0,0,0,0,0,0,0,0,0,0,0,0,0,0,130,100,2192,2288
21000,548,328,69,42,9999,0,1500,0,3890,7500,3,2,1651,456,2000,1,0,1,71,72,47,0,124,0,0,0,2192,2288,3923,1912,0,19,36,40,39,5,18,19,0,0,44,0,0,11511,501,0,212,0,212,0,0,0,0,0,0,0,0,0,0,0,0,0,0,0,0,0,0,0,0,0,0,0,0,0,0,0,0,0,0,0,0,0,0,0,0,0,0,0,0,0,0,130,100,2192,2288
22000,548,328,69,42,9999,0,1500,0,3890,7500,3,2,1651,456,2000,1,0,1,72,72,32,0,0,0,0,0,2192,2288,3929,2118,0,42,69,63,66,34,30,42,0,0,47,0,0,11511,501,0,212,0,212,0,0,0,0,0,0,0,0,0,0,0,0,0,0,0,0,0,0,0,0,0,0,0,0,0,0,0,0,0,0,0,0,0,0,0,0,0,0,0,0,0,0,130,100,2192,2288
23000,548,328,69,42,9999,0,1500,0,3890,7500,4,3,2361,545,2000,1,0,1,73,72,33,0,4,1,0,0,2192,2288,3799,2600,0,47,63,63,57,26,40,47,0,0,48,0,0,11511,501,0,212,0,212,1,1,0,0,0,0,0,0,0,0,0,0,0,0,0,0,0,0,0,0,0,0,0,0,0,0,0,0,0,0,0,0,0,0,0,0,0,0,0,0,0,0,130,100,2192,2288
24001,548,328,69,42,9999,0,1500,0,3890,7500,4,3,1920,545,2000,1,0,1,72,72,33,0,5,2,0,0,2192,2288,4291,2703,0,47,57,61,57,10,14,47,0,0,53,0,0,11511,501,0,212,0,212,2,1,0,0,0,0,0,0,0,0,0,0,0,0,0,0,0,0,0,0,0,0,0,0,0,0,0,0,0,0,0,0,0,0,0,0,0,0,0,0,0,0,130,100,2192,2288
25006,548,328,69,42,9999,0,1500,0,3800,7500,4,3,1920,545,2000,1,0,1,72,72,32,0,0,0,0,0,2192,2288,4198,2693,0,28,52,47,63,19,28,25,0,0,52,0,0,11511,501,0,212,0,212,0,0,0,0,0,0,0,0,0,0,0,0,0,0,0,0,0,0,0,0,0,0,0,0,0,0,0,0,0,0,0,0,0,0,0,0,0,0,0,0,0,0,130,100,2192,2288
26001,548,328,69,42,9999,0,1500,0,3800,7500,3,2,2361,545,2000,1,0,1,72,72,32,0,0,0,0,0,2192,2288,4991,2226,0,33,57,52,47,14,14,33,0,0,52,0,0,11511,501,0,212,0,212,0,0,0,0,0,0,0,0,0,0,0,0,0,0,0,0,0,0,0,0,0,0,0,0,0,0,0,0,0,0,0,0,0,0,0,0,0,0,0,0,0,0,130,100,2192,2288
27001,548,328,69,42,9999,0,1500,0,3800,7500,3,2,1651,456,2000,1,0,1,72,72,33,0,6,2,0,0,2192,2288,4866,2250,0,26,63,61,60,21,10,26,0,0,55,0,0,11511,501,0,212,0,212,2,1,0,0,0,0,0,0,0,0,0,0,0,0,0,0,0,0,0,0,0,0,0,0,0,0,0,0,0,0,0,0,0,0,0,0,0,0,0,0,0,0,130,100,2192,2288
28001,548,328,69,42,9999,0,1500,0,3800,7500,3,2,1651,456,2000,1,0,1,72,72,34,0,0,0,0,0,2192,2288,2936,2155,0,25,55,52,50,10,14,25,0,0,39,0,0,11511,501,0,212,0,212,0,0,0,0,0,0,0,0,0,0,0,0,0,0,0,0,0,0,0,0,0,0,0,0,0,0,0,0,0,0,0,0,0,0,0,0,0,0,0,0,0,0,130,100,2192,2288
29001,548,328,69,42,9999,0,1500,0,3800,7500,3,2,1651,456,2000,1,0,1,72,72,28,0,0,0,0,0,2192,2288,1726,2122,0,25,44,55,42,9,21,25,0,0,29,0,0,11511,501,0,212,0,212,0,0,0,0,0,0,0,0,0,0,0,0,0,0,0,0,0,0,0,0,0,0,0,0,0,0,0,0,0,0,0,0,0,0,0,0,0,0,0,0,0,0,130,100,2192,2288
31001,548,328,69,42,9999,0,1500,0,3800,7500,3,2,1651,456,2000,1,0,1,72,72,25,0,0,0,0,0,2192,2288,988,1734,0,23,36,39,35,13,5,23,0,0,21,0,0,11511,501,0,212,0,212,0,0,0,0,0,0,0,0,0,0,0,0,0,0,0,0,0,0,0,0,0,0,0,0,0,0,0,0,0,0,0,0,0,0,0,0,0,0,0,0,0,0,130,100,2192,2288
32001,548,328,69,42,9999,0,1500,0,3800,7121,3,2,1651,456,2000,1,0,1,72,72,24,0,0,0,0,0,2192,2288,1010,1713,0,19,50,33,33,9,5,19,0,0,21,0,0,11511,501,0,212,0,212,0,0,0,0,0,0,0,0,0,0,0,0,0,0,0,0,0,0,0,0,0,0,0,0,0,0,0,0,0,0,0,0,0,0,0,0,0,0,0,0,0,0,130,100,2192,2288
33021,533,450,69,42,9999,0,1500,0,3800,7474,3,2,1651,456,2000,1,0,1,72,72,24,0,0,0,0,0,2192,2288,1008,1720,0,19,27,44,35,13,14,19,0,0,21,0,0,12018,647,0,370,0,370,0,0,0,0,0,0,0,0,0,0,0,0,0,0,0,0,0,0,0,0,0,0,0,0,0,0,0,0,0,0,0,0,0,0,0,0,0,0,0,0,0,0,130,100,2192,2288
34001,533,450,69,42,9999,0,1500,0,3800,7500,3,2,1651,456,2000,1,0,1,72,72,23,0,0,0,0,0,2192,2288,989,1712,0,23,47,52,39,9,14,23,0,0,21,0,0,12018,647,0,370,0,370,0,0,0,0,0,0,0,0,0,0,0,0,0,0,0,0,0,0,0,0,0,0,0,0,0,0,0,0,0,0,0,0,0,0,0,0,0,0,0,0,0,0,130,100,2192,2288
35001,533,450,69,42,9999,0,1500,0,3825,7500,3,2,1651,456,2000,1,0,1,72,72,22,0,0,0,0,0,2192,2288,941,1710,0,23,38,50,42,9,5,23,0,0,21,0,0,12018,647,0,370,0,370,0,0,0,0,0,0,0,0,0,0,0,0,0,0,0,0,0,0,0,0,0,0,0,0,0,0,0,0,0,0,0,0,0,0,0,0,0,0,0,0,0,0,130,100,2192,2288
36001,533,450,69,42,9999,0,1500,0,3825,7500,3,2,1651,456,2000,1,0,1,73,72,23,0,0,0,0,0,2192,2288,1177,1707,0,22,42,39,31,10,10,22,0,0,22,0,0,12018,647,0,370,0,370,0,0,0,0,0,0,0,0,0,0,0,0,0,0,0,0,0,0,0,0,0,0,0,0,0,0,0,0,0,0,0,0,0,0,0,0,0,0,0,0,0,0,130,100,2192,2288
37002,533,450,69,42,9999,0,1500,0,3825,7500,3,2,1651,456,2000,1,0,1,72,72,23,0,0,0,0,0,2192,2288,1085,1715,0,15,57,55,85,5,14,15,0,0,21,0,0,12018,647,0,370,0,370,0,0,0,0,0,0,0,0,0,0,0,0,0,0,0,0,0,0,0,0,0,0,0,0,0,0,0,0,0,0,0,0,0,0,0,0,0,0,0,0,0,0,130,100,2192,2288
38002,533,450,69,42,9999,0,1500,0,3825,7393,3,2,1651,456,2000,1,0,1,73,72,23,0,0,0,0,0,2192,2288,1002,1799,0,19,50,39,38,14,10,19,0,0,21,0,0,12018,647,0,370,0,370,0,0,0,0,0,0,0,0,0,0,0,0,0,0,0,0,0,0,0,0,0,0,0,0,0,0,0,0,0,0,0,0,0,0,0,0,0,0,0,0,0,0,130,100,2192,2288
39002,533,450,69,42,9999,0,1500,0,3825,7500,3,2,1651,456,2000,1,0,1,72,72,23,0,0,0,0,0,2192,2288,999,1711,0,23,39,42,38,14,14,23,0,0,21,0,0,12018,647,0,370,0,370,0,0,0,0,0,0,0,0,0,0,0,0,0,0,0,0,0,0,0,0,0,0,0,0,0,0,0,0,0,0,0,0,0,0,0,0,0,0,0,0,0,0,130,100,2192,2288
40002,533,450,69,42,9999,0,1500,0,3825,7500,3,2,1651,456,2000,1,0,1,73,72,23,0,0,0,0,0,2192,2288,1021,1718,0,38,47,56,63,22,21,38,0,0,20,0,0,12018,647,0,370,0,370,0,0,0,0,0,0,0,0,0,0,0,0,0,0,0,0,0,0,0,0,0,0,0,0,0,0,0,0,0,0,0,0,0,0,0,0,0,0,0,0,0,0,130,100,2192,2288
41002,533,450,69,42,9999,0,1500,0,3847,7500,3,2,1651,456,2000,1,0,1,72,72,22,0,0,0,0,0,2192,2288,1012,1750,0,19,29,35,45,14,19,19,0,0,21,0,0,12018,647,0,370,0,370,0,0,0,0,0,0,0,0,0,0,0,0,0,0,0,0,0,0,0,0,0,0,0,0,0,0,0,0,0,0,0,0,0,0,0,0,0,0,0,0,0,0,130,100,2192,2288
42002,533,450,68,43,9999,0,1500,0,3847,7493,3,2,1651,456,2000,1,0,1,73,72,23,0,0,0,0,0,2192,2288,987,1721,0,22,35,45,40,17,13,22,0,0,21,0,0,12018,647,0,370,0,370,0,0,0,0,0,0,0,0,0,0,0,0,0,0,0,0,0,0,0,0,0,0,0,0,0,0,0,0,0,0,0,0,0,0,0,0,0,0,0,0,0,0,130,100,2192,2288
43002,533,450,68,43,9999,0,1500,0,3847,7500,3,2,1651,456,2000,1,0,1,73,72,22,0,0,0,0,0,2192,2288,1265,1726,0,19,44,42,47,10,13,19,0,0,23,0,0,12018,647,0,370,0,370,0,0,0,0,0,0,0,0,0,0,0,0,0,0,0,0,0,0,0,0,0,0,0,0,0,0,0,0,0,0,0,0,0,0,0,0,0,0,0,0,0,0,130,100,2192,2288
44002,533,450,68,43,9999,0,1500,0,3847,7500,3,2,1651,456,2000,1,0,1,73,72,22,0,0,0,0,0,2192,2288,1190,1712,0,19,39,47,40,10,14,19,0,0,22,0,0,12018,647,0,370,0,370,0,0,0,0,0,0,0,0,0,0,0,0,0,0,0,0,0,0,0,0,0,0,0,0,0,0,0,0,0,0,0,0,0,0,0,0,0,0,0,0,0,0,130,100,2192,2288
45002,533,450,68,43,9999,0,1500,0,3838,7500,3,3,1651,456,2000,1,0,1,73,72,23,0,0,0,0,0,2192,2288,1583,1980,169,14,55,60,57,5,14,14,0,0,26,0,0,12018,647,0,370,0,370,0,0,0,0,0,0,0,0,0,0,0,0,0,0,0,0,0,0,0,0,0,0,0,0,0,0,0,0,0,0,0,0,0,0,0,0,0,0,0,0,0,169,130,100,2192,2288
46002,533,450,68,43,9999,0,1500,0,3838,7500,3,2,1651,492,2000,1,0,1,72,72,23,0,0,0,0,0,2192,2288,1182,1730,0,19,39,38,35,9,18,19,0,0,22,0,0,12018,647,0,370,0,370,0,0,0,0,0,0,0,0,0,0,0,0,0,0,0,0,0,0,0,0,0,0,0,0,0,0,0,0,0,0,0,0,0,0,0,0,0,0,0,0,0,0,130,100,2192,2288
47002,533,450,68,43,9999,0,1500,0,3838,7500,3,2,1651,456,2000,1,0,1,73,72,22,0,0,0,0,0,2192,2288,1316,1720,0,19,40,39,40,9,5,19,0,0,22,0,0,12018,647,0,370,0,370,0,0,0,0,0,0,0,0,0,0,0,0,0,0,0,0,0,0,0,0,0,0,0,0,0,0,0,0,0,0,0,0,0,0,0,0,0,0,0,0,0,0,130,100,2192,2288
48002,533,450,68,43,9999,0,1500,0,3838,7500,3,2,1651,456,2000,1,0,1,73,72,23,0,0,0,0,0,2192,2288,1108,1718,0,23,42,39,35,0,14,23,0,0,23,0,0,12018,647,0,370,0,370,0,0,0,0,0,0,0,0,0,0,0,0,0,0,0,0,0,0,0,0,0,0,0,0,0,0,0,0,0,0,0,0,0,0,0,0,0,0,0,0,0,0,130,100,2192,2288
49002,533,450,68,43,9999,0,1500,0,3838,7500,3,2,1651,456,2000,1,0,1,73,72,29,3,0,1,0,0,2192,2288,1869,1753,0,19,36,39,23,13,10,19,0,0,27,0,0,12018,647,0,370,0,370,1,1,0,0,0,0,0,0,0,0,0,0,0,0,0,0,0,0,0,0,0,0,0,0,0,0,0,0,0,0,0,0,0,0,0,0,0,0,0,0,0,0,130,100,2192,2288
50002,533,450,68,43,9999,0,1500,0,3838,7142,3,2,1651,456,2000,1,0,1,72,72,27,0,0,0,0,0,2192,2288,1429,1740,0,14,29,39,33,9,10,14,0,0,24,0,0,12018,647,0,370,0,370,0,0,0,0,0,0,0,0,0,0,0,0,0,0,0,0,0,0,0,0,0,0,0,0,0,0,0,0,0,0,0,0,0,0,0,0,0,0,0,0,0,0,130,100,2192,2288
51002,533,450,68,43,9999,0,1500,0,3838,7500,3,2,1651,456,2000,1,0,1,72,72,24,0,0,0,0,0,2192,2288,1576,1712,0,23,27,35,31,9,10,23,0,0,24,0,0,12018,647,0,370,0,370,0,0,0,0,0,0,0,0,0,0,0,0,0,0,0,0,0,0,0,0,0,0,0,0,0,0,0,0,0,0,0,0,0,0,0,0,0,0,0,0,0,0,130,100,2192,2288
52002,533,450,68,43,9999,0,1500,0,3838,7500,3,2,1651,456,2000,1,0,1,72,72,24,0,0,0,0,0,2192,2288,1454,1713,0,15,36,38,39,0,9,15,0,0,24,0,0,12018,647,0,370,0,370,0,0,0,0,0,0,0,0,0,0,0,0,0,0,0,0,0,0,0,0,0,0,0,0,0,0,0,0,0,0,0,0,0,0,0,0,0,0,0,0,0,0,130,100,2192,2288
53023,537,437,68,43,9999,0,1500,0,3838,7500,3,2,1651,456,1708,1,0,1,73,72,24,0,0,0,0,0,2192,2288,2269,1736,0,23,29,33,31,10,10,23,0,0,30,0,0,12018,633,0,370,0,370,0,0,0,0,0,0,0,0,0,0,0,0,0,0,0,0,0,0,0,0,0,0,0,0,0,0,0,0,0,0,0,0,0,0,0,0,0,0,0,0,0,0,130,100,2192,2288
54003,537,437,68,43,9999,0,1500,0,3838,7500,3,2,1651,456,2000,1,0,1,72,72,23,0,0,0,0,0,2192,2288,2357,1736,0,23,27,33,27,9,14,23,0,0,31,0,0,12018,633,0,370,0,370,0,0,0,0,0,0,0,0,0,0,0,0,0,0,0,0,0,0,0,0,0,0,0,0,0,0,0,0,0,0,0,0,0,0,0,0,0,0,0,0,0,0,130,100,2192,2288
55003,537,437,68,43,9999,0,1500,0,3836,7500,3,2,1651,456,2000,1,0,1,72,72,23,0,0,0,0,0,2192,2288,880,1707,0,19,36,39,35,5,14,19,0,0,21,0,0,12018,633,0,370,0,370,0,0,0,0,0,0,0,0,0,0,0,0,0,0,0,0,0,0,0,0,0,0,0,0,0,0,0,0,0,0,0,0,0,0,0,0,0,0,0,0,0,0,130,100,2192,2288
56003,537,437,68,43,9999,0,1500,0,3836,7500,3,2,1651,456,2000,1,0,1,73,72,22,0,0,0,0,0,2192,2288,1250,1714,0,15,31,29,38,9,10,15,0,0,22,0,0,12018,633,0,370,0,370,0,0,0,0,0,0,0,0,0,0,0,0,0,0,0,0,0,0,0,0,0,0,0,0,0,0,0,0,0,0,0,0,0,0,0,0,0,0,0,0,0,0,130,100,2192,2288
57003,537,437,68,43,9999,0,1500,0,3836,7500,3,2,1651,456,1708,1,0,1,73,72,22,0,0,0,0,0,2192,2288,1326,1712,0,15,45,36,22,9,14,15,0,0,23,0,0,12018,633,0,370,0,370,0,0,0,0,0,0,0,0,0,0,0,0,0,0,0,0,0,0,0,0,0,0,0,0,0,0,0,0,0,0,0,0,0,0,0,0,0,0,0,0,0,0,130,100,2192,2288
58003,537,437,68,43,9999,0,1500,0,3836,7338,3,2,1651,456,2000,1,0,1,72,72,22,0,0,0,0,0,2192,2288,1160,1714,0,25,36,42,42,5,25,23,0,0,22,0,0,12018,633,0,370,0,370,0,0,0,0,0,0,0,0,0,0,0,0,0,0,0,0,0,0,0,0,0,0,0,0,0,0,0,0,0,0,0,0,0,0,0,0,0,0,0,0,0,0,130,100,2192,2288
59003,537,437,68,43,9999,0,1500,0,3836,7500,3,2,1651,456,2000,1,0,1,72,72,22,0,0,0,0,0,2192,2288,1086,1714,0,21,39,33,26,21,5,11,0,0,21,0,0,12018,633,0,370,0,370,0,0,0,0,0,0,0,0,0,0,0,0,0,0,0,0,0,0,0,0,0,0,0,0,0,0,0,0,0,0,0,0,0,0,0,0,0,0,0,0,0,0,130,100,2192,2288
60003,537,437,68,43,9999,0,1500,0,3836,6904,3,2,1651,456,2000,1,0,1,73,72,22,0,0,0,0,0,2192,2288,1204,1710,0,25,42,36,39,13,10,25,0,0,22,0,0,12018,633,0,370,0,370,0,0,0,0,0,0,0,0,0,0,0,0,0,0,0,0,0,0,0,0,0,0,0,0,0,0,0,0,0,0,0,0,0,0,0,0,0,0,0,0,0,0,130,100,2192,2288
61003,537,437,68,43,9999,0,1500,0,3836,7500,3,2,1651,456,1708,1,0,1,72,72,22,0,0,0,0,0,2192,2288,830,1710,0,19,38,39,35,9,14,19,0,0,19,0,0,12018,633,0,370,0,370,0,0,0,0,0,0,0,0,0,0,0,0,0,0,0,0,0,0,0,0,0,0,0,0,0,0,0,0,0,0,0,0,0,0,0,0,0,0,0,0,0,0,130,100,2192,2288
62003,537,437,68,43,9999,0,1500,0,3836,7500,3,2,1651,456,2000,1,0,1,73,72,22,0,0,0,0,0,2192,2288,873,1714,0,10,38,38,39,10,10,10,0,0,20,0,0,12018,633,0,370,0,370,0,0,0,0,0,0,0,0,0,0,0,0,0,0,0,0,0,0,0,0,0,0,0,0,0,0,0,0,0,0,0,0,0,0,0,0,0,0,0,0,0,0,130,100,2192,2288
63003,537,437,68,43,9999,0,1500,0,3836,7500,3,2,1651,456,2000,1,0,1,73,72,22,0,0,0,0,0,2192,2288,1019,1718,0,15,33,33,27,9,14,15,0,0,21,0,0,12018,633,0,370,0,370,0,0,0,0,0,0,0,0,0,0,0,0,0,0,0,0,0,0,0,0,0,0,0,0,0,0,0,0,0,0,0,0,0,0,0,0,0,0,0,0,0,0,130,100,2192,2288
64003,537,437,68,43,9999,0,1500,0,3836,7500,3,2,1651,456,1708,1,0,1,73,72,22,0,0,0,0,0,2192,2288,1321,1719,0,22,42,36,31,5,5,22,0,0,23,0,0,12018,633,0,370,0,370,0,0,0,0,0,0,0,0,0,0,0,0,0,0,0,0,0,0,0,0,0,0,0,0,0,0,0,0,0,0,0,0,0,0,0,0,0,0,0,0,0,0,130,100,2192,2288
65003,537,437,68,43,9999,0,1500,0,3824,7089,3,2,1651,456,2000,1,0,1,73,72,22,0,0,0,0,0,2192,2288,1183,1724,0,30,42,35,33,13,14,30,0,0,22,0,0,12018,633,0,370,0,370,0,0,0,0,0,0,0,0,0,0,0,0,0,0,0,0,0,0,0,0,0,0,0,0,0,0,0,0,0,0,0,0,0,0,0,0,0,0,0,0,0,0,130,100,2192,2288
66004,537,437,68,42,9999,0,1500,0,3824,7495,3,2,1651,456,2000,1,0,1,72,72,22,0,0,0,0,0,2192,2288,1060,1714,0,19,38,39,40,0,10,19,0,0,21,0,0,12018,633,0,370,0,370,0,0,0,0,0,0,0,0,0,0,0,0,0,0,0,0,0,0,0,0,0,0,0,0,0,0,0,0,0,0,0,0,0,0,0,0,0,0,0,0,0,0,130,100,2192,2288
67004,537,437,68,42,9999,0,1500,0,3824,7500,3,2,1651,456,2000,1,0,1,73,72,23,0,0,1,0,0,2192,2288,1000,1714,0,19,35,42,27,9,5,19,0,0,21,0,0,12018,633,0,370,0,370,1,1,0,0,0,0,0,0,0,0,0,0,0,0,0,0,0,0,0,0,0,0,0,0,0,0,0,0,0,0,0,0,0,0,0,0,0,0,0,0,0,0,130,100,2192,2288
68004,537,437,68,42,9999,0,1500,0,3824,7500,3,2,1651,456,2000,1,0,1,72,72,23,0,0,0,0,0,2192,2288,1134,1717,0,15,27,33,35,5,13,15,0,0,21,0,0,12018,633,0,370,0,370,0,0,0,0,0,0,0,0,0,0,0,0,0,0,0,0,0,0,0,0,0,0,0,0,0,0,0,0,0,0,0,0,0,0,0,0,0,0,0,0,0,0,130,100,2192,2288
69004,537,437,68,42,9999,0,1500,0,3824,7500,3,2,1651,456,2000,1,0,1,73,72,23,0,0,0,0,0,2192,2288,1174,1719,0,23,31,33,30,9,5,23,0,0,22,0,0,12018,633,0,370,0,370,0,0,0,0,0,0,0,0,0,0,0,0,0,0,0,0,0,0,0,0,0,0,0,0,0,0,0,0,0,0,0,0,0,0,0,0,0,0,0,0,0,0,130,100,2192,2288
70004,537,437,68,42,9999,0,1500,0,3824,7500,3,2,1651,456,2000,1,0,1,72,72,23,0,0,0,0,0,2192,2288,1181,1710,0,26,36,50,26,5,14,26,0,0,21,0,0,12018,633,0,370,0,370,0,0,0,0,0,0,0,0,0,0,0,0,0,0,0,0,0,0,0,0,0,0,0,0,0,0,0,0,0,0,0,0,0,0,0,0,0,0,0,0,0,0,130,100,2192,2288
71004,537,437,68,42,9999,0,1500,0,3824,7500,3,2,1651,456,2000,1,0,1,72,72,22,0,0,0,0,0,2192,2288,878,1608,0,23,45,50,33,9,14,23,0,0,21,0,0,12018,633,0,370,0,370,0,0,0,0,0,0,0,0,0,0,0,0,0,0,0,0,0,0,0,0,0,0,0,0,0,0,0,0,0,0,0,0,0,0,0,0,0,0,0,0,0,0,130,100,2192,2288
72004,537,437,68,42,9999,0,1500,0,3824,7500,3,3,1651,492,2000,1,0,1,73,72,22,0,0,0,0,0,2192,2288,1241,1956,48,23,44,42,39,14,10,23,0,0,25,0,0,12018,633,0,370,0,370,0,0,0,0,0,0,0,0,0,0,0,0,0,0,0,0,0,0,0,0,0,0,0,0,0,0,0,0,0,0,0,0,0,0,0,0,0,0,0,0,0,48,130,100,2192,2288
73023,531,436,68,42,9999,0,1500,0,3824,7500,3,2,1651,456,1708,1,0,1,73,72,23,0,0,0,0,0,2192,2288,1380,1715,0,19,29,38,22,10,19,19,0,0,23,0,0,12018,633,0,370,0,370,0,0,0,0,0,0,0,0,0,0,0,0,0,0,0,0,0,0,0,0,0,0,0,0,0,0,0,0,0,0,0,0,0,0,0,0,0,0,0,0,0,0,130,100,2192,2288
74004,531,436,68,42,9999,0,1500,0,3824,7500,3,2,1651,456,2000,1,0,1,73,72,23,0,0,0,0,0,2192,2288,1494,1720,0,19,35,39,33,5,18,19,0,0,24,0,0,12018,633,0,370,0,370,0,0,0,0,0,0,0,0,0,0,0,0,0,0,0,0,0,0,0,0,0,0,0,0,0,0,0,0,0,0,0,0,0,0,0,0,0,0,0,0,0,0,130,100,2192,2288
75004,531,436,68,42,9999,0,1500,0,3822,7460,3,2,1651,456,2000,1,0,1,73,72,23,0,0,0,0,0,2192,2288,1632,1724,0,15,38,38,35,10,10,15,0,0,25,0,0,12018,633,0,370,0,370,0,0,0,0,0,0,0,0,0,0,0,0,0,0,0,0,0,0,0,0,0,0,0,0,0,0,0,0,0,0,0,0,0,0,0,0,0,0,0,0,0,0,130,100,2192,2288
76004,531,436,68,42,9999,0,1500,0,3822,7500,3,2,1651,456,2000,1,0,1,73,72,23,0,0,0,0,0,2192,2288,1605,1724,0,19,33,38,27,5,14,19,0,0,25,0,0,12018,633,0,370,0,370,0,0,0,0,0,0,0,0,0,0,0,0,0,0,0,0,0,0,0,0,0,0,0,0,0,0,0,0,0,0,0,0,0,0,0,0,0,0,0,0,0,0,130,100,2192,2288
77004,531,436,68,42,9999,0,1500,0,3822,7500,3,2,1651,456,2000,1,0,1,73,72,23,0,0,0,0,0,2192,2288,1527,1713,0,19,31,36,36,9,14,19,0,0,24,0,0,12018,633,0,370,0,370,0,0,0,0,0,0,0,0,0,0,0,0,0,0,0,0,0,0,0,0,0,0,0,0,0,0,0,0,0,0,0,0,0,0,0,0,0,0,0,0,0,0,130,100,2192,2288
78004,531,436,68,42,9999,0,1500,0,3837,7500,3,2,1651,456,2000,1,0,1,72,72,23,0,0,0,0,0,2192,2288,1381,1717,0,19,33,27,31,5,10,19,0,0,24,0,0,12018,633,0,370,0,370,0,0,0,0,0,0,0,0,0,0,0,0,0,0,0,0,0,0,0,0,0,0,0,0,0,0,0,0,0,0,0,0,0,0,0,0,0,0,0,0,0,0,130,100,2192,2288
79004,531,436,68,42,9999,0,1500,0,3837,7500,3,2,1651,456,2000,1,0,1,73,72,23,2,0,0,0,0,2192,2288,1250,1720,0,19,37,37,35,9,10,19,0,0,22,0,0,12018,633,0,370,0,370,0,0,0,0,0,0,0,0,0,0,0,0,0,0,0,0,0,0,0,0,0,0,0,0,0,0,0,0,0,0,0,0,0,0,0,0,0,0,0,0,0,0,130,100,2192,2288
80004,531,436,68,42,9999,0,1500,0,3837,7500,3,3,1651,456,2000,1,0,1,72,72,23,0,0,0,0,0,2192,2288,1174,1956,47,19,41,50,44,5,10,19,0,0,25,0,0,12018,633,0,370,0,370,0,0,0,0,0,0,0,0,0,0,0,0,0,0,0,0,0,0,0,0,0,0,0,0,0,0,0,0,0,0,0,0,0,0,0,0,0,0,0,0,0,47,130,100,2192,2288
81004,531,436,68,42,9999,0,1500,0,3837,7500,3,3,1651,492,2000,1,0,1,72,72,24,0,0,0,0,0,2192,2288,1430,1958,48,18,36,42,38,5,18,15,0,0,27,0,0,12018,633,0,370,0,370,0,0,0,0,0,0,0,0,0,0,0,0,0,0,0,0,0,0,0,0,0,0,0,0,0,0,0,0,0,0,0,0,0,0,0,0,0,0,0,0,0,48,130,100,2192,2288
82004,531,436,68,42,9999,0,1500,0,3837,7500,3,3,1651,492,2000,1,0,1,73,72,23,0,0,0,0,0,2192,2288,1668,1966,48,15,35,44,38,5,14,15,0,0,28,0,0,12018,633,0,370,0,370,0,0,0,0,0,0,0,0,0,0,0,0,0,0,0,0,0,0,0,0,0,0,0,0,0,0,0,0,0,0,0,0,0,0,0,0,0,0,0,0,0,48,130,100,2192,2288
83005,531,436,68,42,9999,0,1500,0,3837,7500,3,2,1651,492,2000,1,0,1,73,72,24,0,0,0,0,0,2192,2288,1701,1773,0,15,36,35,27,0,14,15,0,0,26,0,0,12018,633,0,370,0,370,0,0,0,0,0,0,0,0,0,0,0,0,0,0,0,0,0,0,0,0,0,0,0,0,0,0,0,0,0,0,0,0,0,0,0,0,0,0,0,0,0,0,130,100,2192,2288
84005,531,436,68,42,9999,0,1500,0,3837,7500,3,3,1651,492,2000,1,0,1,72,72,24,0,0,0,0,0,2192,2288,1487,1954,48,22,33,38,33,9,19,22,0,0,27,0,0,12018,633,0,370,0,370,0,0,0,0,0,0,0,0,0,0,0,0,0,0,0,0,0,0,0,0,0,0,0,0,0,0,0,0,0,0,0,0,0,0,0,0,0,0,0,0,0,48,130,100,2192,2288
85005,531,436,68,42,9999,0,1500,0,3834,7500,3,2,1651,492,2000,1,0,1,73,72,24,0,0,0,0,0,2192,2288,1775,1724,0,19,39,38,30,9,10,19,0,0,26,0,0,12018,633,0,370,0,370,0,0,0,0,0,0,0,0,0,0,0,0,0,0,0,0,0,0,0,0,0,0,0,0,0,0,0,0,0,0,0,0,0,0,0,0,0,0,0,0,0,0,130,100,2192,2288
86005,531,436,68,42,9999,0,1500,0,3834,7500,3,3,1651,456,2000,1,0,1,73,72,24,0,0,0,0,0,2192,2288,1839,1946,45,28,42,44,42,5,10,28,0,0,29,0,0,12018,633,0,370,0,370,0,0,0,0,0,0,0,0,0,0,0,0,0,0,0,0,0,0,0,0,0,0,0,0,0,0,0,0,0,0,0,0,0,0,0,0,0,0,0,0,0,45,130,100,2192,2288
87005,531,436,68,42,9999,0,1500,0,3834,7500,3,2,1651,492,2000,1,0,1,73,72,23,0,0,0,0,0,2192,2288,2334,1804,0,27,36,29,35,9,10,27,0,0,31,0,0,12018,633,0,370,0,370,0,0,0,0,0,0,0,0,0,0,0,0,0,0,0,0,0,0,0,0,0,0,0,0,0,0,0,0,0,0,0,0,0,0,0,0,0,0,0,0,0,0,130,100,2192,2288
88005,531,436,68,42,9999,0,1500,0,3834,7500,3,2,1651,456,1555,1,0,1,73,72,24,0,0,0,0,0,2192,2288,3384,1755,0,23,45,42,35,5,14,23,0,0,37,0,0,12018,633,0,370,0,370,0,0,0,0,0,0,0,0,0,0,0,0,0,0,0,0,0,0,0,0,0,0,0,0,0,0,0,0,0,0,0,0,0,0,0,0,0,0,0,0,0,0,130,100,2192,2288
89005,531,436,68,42,9999,0,1500,0,3834,7500,3,2,1651,456,2000,1,0,1,73,72,25,0,0,0,0,0,2192,2288,3459,1763,0,23,40,39,39,9,10,23,0,0,38,0,0,12018,633,0,370,0,370,0,0,0,0,0,0,0,0,0,0,0,0,0,0,0,0,0,0,0,0,0,0,0,0,0,0,0,0,0,0,0,0,0,0,0,0,0,0,0,0,0,0,130,100,2192,2288
90005,531,436,68,42,9999,0,1500,0,3834,7500,3,2,1651,456,2000,1,0,1,73,72,24,0,0,0,0,0,2192,2288,2742,1731,0,14,44,44,42,10,10,14,0,0,27,0,0,12018,633,0,370,0,370,0,0,0,0,0,0,0,0,0,0,0,0,0,0,0,0,0,0,0,0,0,0,0,0,0,0,0,0,0,0,0,0,0,0,0,0,0,0,0,0,0,0,130,100,2192,2288
91005,531,436,68,42,9999,0,1500,0,3834,7499,3,2,1651,456,2000,1,0,1,72,72,24,0,0,0,0,0,2192,2288,1230,1720,0,19,31,39,33,5,10,19,0,0,23,0,0,12018,633,0,370,0,370,0,0,0,0,0,0,0,0,0,0,0,0,0,0,0,0,0,0,0,0,0,0,0,0,0,0,0,0,0,0,0,0,0,0,0,0,0,0,0,0,0,0,130,100,2192,2288
92005,531,436,68,42,9999,0,1500,0,3834,7500,3,2,1651,456,2000,1,0,1,72,72,22,0,0,0,0,0,2192,2288,924,1719,0,19,39,35,43,9,14,19,0,0,20,0,0,12018,633,0,370,0,370,0,0,0,0,0,0,0,0,0,0,0,0,0,0,0,0,0,0,0,0,0,0,0,0,0,0,0,0,0,0,0,0,0,0,0,0,0,0,0,0,0,0,130,100,2192,2288
93023,525,408,68,42,9999,0,1500,0,3834,7500,3,2,1651,456,2000,1,0,1,72,72,22,0,0,0,0,0,2192,2288,927,1721,0,19,50,52,94,14,19,14,0,0,20,0,0,12002,604,0,370,0,370,0,0,0,0,0,0,0,0,0,0,0,0,0,0,0,0,0,0,0,0,0,0,0,0,0,0,0,0,0,0,0,0,0,0,0,0,0,0,0,0,0,0,130,100,2192,2288
94005,525,408,68,42,9999,0,1500,0,3834,7500,3,3,1651,492,2000,1,0,1,73,72,22,0,0,0,0,0,2192,2288,1038,1945,48,23,47,47,44,0,10,23,0,0,23,0,0,12002,604,0,370,0,370,0,0,0,0,0,0,0,0,0,0,0,0,0,0,0,0,0,0,0,0,0,0,0,0,0,0,0,0,0,0,0,0,0,0,0,0,0,0,0,0,0,48,130,100,2192,2288
95005,525,408,68,42,9999,0,1500,0,3828,7500,3,3,1651,492,2000,1,0,1,73,72,23,0,0,0,0,0,2192,2288,1166,1945,48,16,47,59,44,5,14,16,0,0,25,0,0,12002,604,0,370,0,370,0,0,0,0,0,0,0,0,0,0,0,0,0,0,0,0,0,0,0,0,0,0,0,0,0,0,0,0,0,0,0,0,0,0,0,0,0,0,0,0,0,48,130,100,2192,2288
96005,525,408,68,42,9999,0,1500,0,3828,7334,3,3,1651,492,2000,1,0,1,73,72,23,0,0,0,0,0,2192,2288,1122,1946,51,15,50,52,52,5,14,15,0,0,24,0,0,12002,604,0,370,0,370,0,0,0,0,0,0,0,0,0,0,0,0,0,0,0,0,0,0,0,0,0,0,0,0,0,0,0,0,0,0,0,0,0,0,0,0,0,0,0,0,0,51,130,100,2192,2288
97005,525,408,68,42,9999,0,1500,0,3828,7500,3,2,1651,492,2000,1,0,1,73,72,23,0,0,0,0,0,2192,2288,1103,1698,0,19,50,47,57,13,5,19,0,0,21,0,0,12002,604,0,370,0,370,0,0,0,0,0,0,0,0,0,0,0,0,0,0,0,0,0,0,0,0,0,0,0,0,0,0,0,0,0,0,0,0,0,0,0,0,0,0,0,0,0,0,130,100,2192,2288
98005,525,408,68,42,9999,0,1500,0,3828,7500,3,2,1651,456,2000,1,0,1,72,72,22,0,0,0,0,0,2192,2288,1165,1717,0,19,31,42,30,4,19,10,0,0,22,0,0,12002,604,0,370,0,370,0,0,0,0,0,0,0,0,0,0,0,0,0,0,0,0,0,0,0,0,0,0,0,0,0,0,0,0,0,0,0,0,0,0,0,0,0,0,0,0,0,0,130,100,2192,2288
99006,525,408,68,42,9999,0,1500,0,3828,7500,3,2,1651,456,2000,1,0,1,73,72,23,0,0,0,0,0,2192,2288,1126,1789,0,19,44,44,27,17,19,11,0,0,22,0,0,12002,604,0,370,0,370,0,0,0,0,0,0,0,0,0,0,0,0,0,0,0,0,0,0,0,0,0,0,0,0,0,0,0,0,0,0,0,0,0,0,0,0,0,0,0,0,0,0,130,100,2192,2288
100006,525,408,68,42,9999,0,1500,0,3828,7500,3,2,1651,456,2000,1,0,1,72,72,23,0,0,0,0,0,2192,2288,934,1709,0,25,29,36,36,9,14,25,0,0,20,0,0,12002,604,0,370,0,370,0,0,0,0,0,0,0,0,0,0,0,0,0,0,0,0,0,0,0,0,0,0,0,0,0,0,0,0,0,0,0,0,0,0,0,0,0,0,0,0,0,0,130,100,2192,2288
101006,525,408,68,42,9999,0,1500,0,3828,7500,3,3,1651,456,2000,1,0,1,73,72,21,0,0,0,0,0,2192,2288,1475,1957,49,19,47,47,44,4,14,19,0,0,26,0,0,12002,604,0,370,0,370,0,0,0,0,0,0,0,0,0,0,0,0,0,0,0,0,0,0,0,0,0,0,0,0,0,0,0,0,0,0,0,0,0,0,0,0,0,0,0,0,0,49,130,100,2192,2288
102006,525,408,68,42,9999,0,1500,0,3828,7154,3,2,1651,492,2000,1,0,1,72,72,23,0,0,0,0,0,2192,2288,1525,1778,0,19,36,39,26,0,10,19,0,0,25,0,0,12002,604,0,370,0,370,0,0,0,0,0,0,0,0,0,0,0,0,0,0,0,0,0,0,0,0,0,0,0,0,0,0,0,0,0,0,0,0,0,0,0,0,0,0,0,0,0,0,130,100,2192,2288
103006,525,408,68,42,9999,0,1500,0,3828,7500,3,3,1651,456,2000,1,0,1,73,72,23,0,0,0,0,0,2192,2288,1628,1961,49,30,52,50,61,5,10,30,0,0,28,0,0,12002,604,0,370,0,370,0,0,0,0,0,0,0,0,0,0,0,0,0,0,0,0,0,0,0,0,0,0,0,0,0,0,0,0,0,0,0,0,0,0,0,0,0,0,0,0,0,49,130,100,2192,2288
104006,525,408,68,42,9999,0,1500,0,3828,7500,3,3,1651,492,2000,1,0,1,72,72,23,0,0,0,0,0,2192,2288,1767,1954,50,19,44,38,39,5,18,19,0,0,29,0,0,12002,604,0,370,0,370,0,0,0,0,0,0,0,0,0,0,0,0,0,0,0,0,0,0,0,0,0,0,0,0,0,0,0,0,0,0,0,0,0,0,0,0,0,0,0,0,0,50,130,100,2192,2288
105006,525,408,68,42,9999,0,1500,0,3830,7500,3,3,1651,492,2000,1,0,1,73,72,24,0,0,0,0,0,2192,2288,1875,1955,50,27,38,42,42,0,10,27,0,0,29,0,0,12002,604,0,370,0,370,0,0,0,0,0,0,0,0,0,0,0,0,0,0,0,0,0,0,0,0,0,0,0,0,0,0,0,0,0,0,0,0,0,0,0,0,0,0,0,0,0,50,130,100,2192,2288
106006,525,408,68,42,9999,0,1500,0,3830,7500,3,3,1651,492,2000,1,0,1,73,72,23,0,0,0,0,0,2192,2288,1971,1966,50,15,47,42,36,5,10,15,0,0,30,0,0,12002,604,0,370,0,370,0,0,0,0,0,0,0,0,0,0,0,0,0,0,0,0,0,0,0,0,0,0,0,0,0,0,0,0,0,0,0,0,0,0,0,0,0,0,0,0,0,50,130,100,2192,2288
107006,525,408,68,42,9999,0,1500,0,3830,7500,3,3,1651,492,1708,1,0,1,73,72,24,0,0,0,0,0,2192,2288,1944,1965,49,27,45,36,39,5,5,27,0,0,30,0,0,12002,604,0,370,0,370,0,0,0,0,0,0,0,0,0,0,0,0,0,0,0,0,0,0,0,0,0,0,0,0,0,0,0,0,0,0,0,0,0,0,0,0,0,0,0,0,0,49,130,100,2192,2288
108006,525,408,68,42,9999,0,1500,0,3830,7500,3,3,1651,492,2000,1,0,1,72,72,23,0,0,0,0,0,2192,2288,1975,1963,49,23,39,36,42,5,19,23,0,0,31,0,0,12002,604,0,370,0,370,0,0,0,0,0,0,0,0,0,0,0,0,0,0,0,0,0,0,0,0,0,0,0,0,0,0,0,0,0,0,0,0,0,0,0,0,0,0,0,0,0,49,130,100,2192,2288
109006,525,408,68,42,9999,0,1500,0,3830,7500,3,3,1651,492,2000,1,0,1,73,72,24,0,0,0,0,0,2192,2288,1979,1961,50,19,36,42,40,9,10,19,0,0,30,0,0,12002,604,0,370,0,370,0,0,0,0,0,0,0,0,0,0,0,0,0,0,0,0,0,0,0,0,0,0,0,0,0,0,0,0,0,0,0,0,0,0,0,0,0,0,0,0,0,50,130,100,2192,2288
110006,525,408,68,42,9999,0,1500,0,3830,7500,3,2,1651,492,2000,1,0,1,73,72,23,0,0,0,0,0,2192,2288,1981,1722,0,19,44,42,39,13,10,19,0,0,27,0,0,12002,604,0,370,0,370,0,0,0,0,0,0,0,0,0,0,0,0,0,0,0,0,0,0,0,0,0,0,0,0,0,0,0,0,0,0,0,0,0,0,0,0,0,0,0,0,0,0,130,100,2192,2288
111006,525,408,68,42,9999,0,1500,0,3830,7500,3,3,1651,456,2000,1,0,1,72,72,23,0,0,0,0,0,2192,2288,2035,1978,51,27,37,47,47,14,14,27,0,0,30,0,0,12002,604,0,370,0,370,0,0,0,0,0,0,0,0,0,0,0,0,0,0,0,0,0,0,0,0,0,0,0,0,0,0,0,0,0,0,0,0,0,0,0,0,0,0,0,0,0,51,130,100,2192,2288
112007,525,408,68,42,9999,0,1500,0,3830,7500,3,3,1651,492,2000,1,0,1,73,72,24,0,0,0,0,0,2192,2288,2128,1964,51,15,47,50,42,9,14,15,0,0,31,0,0,12002,604,0,370,0,370,0,0,0,0,0,0,0,0,0,0,0,0,0,0,0,0,0,0,0,0,0,0,0,0,0,0,0,0,0,0,0,0,0,0,0,0,0,0,0,0,0,51,130,100,2192,2288
113023,516,408,68,42,9999,0,1500,0,3830,7500,3,3,1651,492,2000,1,0,1,73,72,24,0,0,0,0,0,2192,2288,1950,1970,50,19,50,52,47,13,19,19,0,0,30,0,0,12002,605,0,370,0,370,0,0,0,0,0,0,0,0,0,0,0,0,0,0,0,0,0,0,0,0,0,0,0,0,0,0,0,0,0,0,0,0,0,0,0,0,0,0,0,0,0,50,130,100,2192,2288
114007,516,408,68,42,9999,0,1500,0,3830,7500,3,3,1651,492,2000,1,0,1,72,72,24,0,0,0,0,0,2192,2288,1904,1967,50,19,47,50,42,9,14,19,0,0,30,0,0,12002,605,0,370,0,370,0,0,0,0,0,0,0,0,0,0,0,0,0,0,0,0,0,0,0,0,0,0,0,0,0,0,0,0,0,0,0,0,0,0,0,0,0,0,0,0,0,50,130,100,2192,2288
115007,516,408,68,42,9999,0,1500,0,3811,7500,3,3,1651,492,2000,1,0,1,73,72,24,0,0,0,0,0,2192,2288,1974,1975,50,19,41,50,44,5,19,19,0,0,31,0,0,12002,605,0,370,0,370,0,0,0,0,0,0,0,0,0,0,0,0,0,0,0,0,0,0,0,0,0,0,0,0,0,0,0,0,0,0,0,0,0,0,0,0,0,0,0,0,0,50,130,100,2192,2288
116007,516,408,68,43,9999,0,1500,0,3811,7500,3,3,1651,492,2000,1,0,1,72,72,24,0,0,0,0,0,2192,2288,1944,1976,50,15,47,47,42,13,14,15,0,0,30,0,0,12002,605,0,370,0,370,0,0,0,0,0,0,0,0,0,0,0,0,0,0,0,0,0,0,0,0,0,0,0,0,0,0,0,0,0,0,0,0,0,0,0,0,0,0,0,0,0,50,130,100,2192,2288
117007,516,408,68,43,9999,0,1500,0,3811,7500,3,3,1651,492,2000,1,0,1,73,72,23,0,0,0,0,0,2192,2288,1826,1962,49,19,42,47,42,10,5,19,0,0,29,0,0,12002,605,0,370,0,370,0,0,0,0,0,0,0,0,0,0,0,0,0,0,0,0,0,0,0,0,0,0,0,0,0,0,0,0,0,0,0,0,0,0,0,0,0,0,0,0,0,49,130,100,2192,2288
118007,516,408,68,43,9999,0,1500,0,3811,7500,3,3,1651,492,2000,1,0,1,73,72,24,0,0,0,0,0,2192,2288,1775,1972,50,23,52,52,35,5,10,23,0,0,29,0,0,12002,605,0,370,0,370,0,0,0,0,0,0,0,0,0,0,0,0,0,0,0,0,0,0,0,0,0,0,0,0,0,0,0,0,0,0,0,0,0,0,0,0,0,0,0,0,0,50,130,100,2192,2288
119007,516,408,68,43,9999,0,1500,0,3811,7500,3,3,1651,492,2000,1,0,1,72,72,23,0,0,0,0,0,2192,2288,1777,1967,51,23,31,47,33,5,10,23,0,0,29,0,0,12002,605,0,370,0,370,0,0,0,0,0,0,0,0,0,0,0,0,0,0,0,0,0,0,0,0,0,0,0,0,0,0,0,0,0,0,0,0,0,0,0,0,0,0,0,0,0,51,130,100,2192,2288
120007,516,408,68,43,9999,0,1500,0,3811,7500,3,3,1651,492,2000,1,0,1,73,72,24,0,0,0,0,0,2192,2288,1739,1966,50,28,47,55,44,10,10,28,0,0,29,0,0,12002,605,0,370,0,370,0,0,0,0,0,0,0,0,0,0,0,0,0,0,0,0,0,0,0,0,0,0,0,0,0,0,0,0,0,0,0,0,0,0,0,0,0,0,0,0,0,50,130,100,2192,2288
121007,516,408,68,43,9999,0,1500,0,3811,7500,3,3,1651,492,2000,1,0,1,72,72,23,0,0,0,0,0,2192,2288,1736,1967,50,27,35,44,42,5,14,27,0,0,28,0,0,12002,605,0,370,0,370,0,0,0,0,0,0,0,0,0,0,0,0,0,0,0,0,0,0,0,0,0,0,0,0,0,0,0,0,0,0,0,0,0,0,0,0,0,0,0,0,0,50,130,100,2192,2288
122007,516,408,68,43,9999,0,1500,0,3811,7500,3,3,1651,492,2000,1,0,1,73,72,24,0,0,0,0,0,2192,2288,1700,1960,50,19,44,37,38,5,10,19,0,0,29,0,0,12002,605,0,370,0,370,0,0,0,0,0,0,0,0,0,0,0,0,0,0,0,0,0,0,0,0,0,0,0,0,0,0,0,0,0,0,0,0,0,0,0,0,0,0,0,0,0,50,130,100,2192,2288
123007,516,408,68,43,9999,0,1500,0,3811,7500,3,3,1651,492,2000,1,0,1,72,72,23,0,0,0,0,0,2192,2288,1860,1971,51,19,47,50,42,5,5,19,0,0,29,0,0,12002,605,0,370,0,370,0,0,0,0,0,0,0,0,0,0,0,0,0,0,0,0,0,0,0,0,0,0,0,0,0,0,0,0,0,0,0,0,0,0,0,0,0,0,0,0,0,51,130,100,2192,2288
124007,516,408,68,43,9999,0,1500,0,3811,7500,3,3,1651,492,2000,1,0,1,73,72,23,0,0,0,0,0,2192,2288,2024,1963,50,19,44,37,38,10,10,19,0,0,31,0,0,12002,605,0,370,0,370,0,0,0,0,0,0,0,0,0,0,0,0,0,0,0,0,0,0,0,0,0,0,0,0,0,0,0,0,0,0,0,0,0,0,0,0,0,0,0,0,0,50,130,100,2192,2288
125007,516,408,68,43,9999,0,1500,0,3805,7500,3,3,1651,492,2000,1,0,1,72,72,24,0,0,0,0,0,2192,2288,1803,1961,49,25,52,47,38,10,10,25,0,0,30,0,0,12002,605,0,370,0,370,0,0,0,0,0,0,0,0,0,0,0,0,0,0,0,0,0,0,0,0,0,0,0,0,0,0,0,0,0,0,0,0,0,0,0,0,0,0,0,0,0,49,130,100,2192,2288
126007,516,408,68,43,9999,0,1500,0,3805,7500,3,3,1651,492,2000,1,0,1,73,72,24,0,0,0,0,0,2192,2288,1913,1968,49,19,35,44,42,10,14,19,0,0,30,0,0,12002,605,0,370,0,370,0,0,0,0,0,0,0,0,0,0,0,0,0,0,0,0,0,0,0,0,0,0,0,0,0,0,0,0,0,0,0,0,0,0,0,0,0,0,0,0,0,49,130,100,2192,2288
127007,516,408,68,43,9999,0,1500,0,3805,7500,3,3,1651,492,2000,1,0,1,72,72,23,0,0,0,0,0,2192,2288,1806,1961,50,22,35,50,44,5,10,22,0,0,29,0,0,12002,605,0,370,0,370,0,0,0,0,0,0,0,0,0,0,0,0,0,0,0,0,0,0,0,0,0,0,0,0,0,0,0,0,0,0,0,0,0,0,0,0,0,0,0,0,0,50,130,100,2192,2288
128007,516,408,68,43,9999,0,1500,0,3805,7500,3,2,1651,492,2000,1,0,1,73,72,24,0,0,0,0,0,2192,2288,1975,1634,0,19,33,44,31,5,14,19,0,0,27,0,0,12002,605,0,370,0,370,0,0,0,0,0,0,0,0,0,0,0,0,0,0,0,0,0,0,0,0,0,0,0,0,0,0,0,0,0,0,0,0,0,0,0,0,0,0,0,0,0,0,130,100,2192,2288
129008,516,408,68,43,9999,0,1500,0,3805,7500,3,2,1651,456,2000,1,0,1,72,72,24,0,0,0,0,0,2192,2288,1943,1735,0,23,38,38,27,5,10,23,0,0,28,0,0,12002,605,0,370,0,370,0,0,0,0,0,0,0,0,0,0,0,0,0,0,0,0,0,0,0,0,0,0,0,0,0,0,0,0,0,0,0,0,0,0,0,0,0,0,0,0,0,0,130,100,2192,2288
130008,516,408,68,43,9999,0,1500,0,3805,7500,3,2,1651,456,2000,1,0,1,73,72,23,0,0,0,0,0,2192,2288,1696,1740,0,16,42,47,39,9,14,16,0,0,26,0,0,12002,605,0,370,0,370,0,0,0,0,0,0,0,0,0,0,0,0,0,0,0,0,0,0,0,0,0,0,0,0,0,0,0,0,0,0,0,0,0,0,0,0,0,0,0,0,0,0,130,100,2192,2288
131008,516,408,68,43,9999,0,1500,0,3805,7320,3,3,1651,492,2000,1,0,1,72,72,23,0,0,0,0,0,2192,2288,1650,1970,48,23,41,37,47,13,19,23,0,0,28,0,0,12002,605,0,370,0,370,0,0,0,0,0,0,0,0,0,0,0,0,0,0,0,0,0,0,0,0,0,0,0,0,0,0,0,0,0,0,0,0,0,0,0,0,0,0,0,0,0,48,130,100,2192,2288
132008,516,408,67,43,9999,0,1500,0,3829,7500,3,2,1651,456,2000,1,0,1,72,72,23,0,0,0,0,0,2192,2288,1393,1713,0,18,60,57,85,5,18,10,0,0,23,0,0,12002,605,0,370,0,370,0,0,0,0,0,0,0,0,0,0,0,0,0,0,0,0,0,0,0,0,0,0,0,0,0,0,0,0,0,0,0,0,0,0,0,0,0,0,0,0,0,0,130,100,2192,2288
133024,516,408,67,43,9999,0,1500,0,3829,7500,3,2,1651,456,2000,1,0,1,73,72,23,0,0,0,0,0,2192,2288,1784,1729,0,23,55,57,63,0,10,23,0,0,26,0,0,12002,605,0,370,0,370,0,0,0,0,0,0,0,0,0,0,0,0,0,0,0,0,0,0,0,0,0,0,0,0,0,0,0,0,0,0,0,0,0,0,0,0,0,0,0,0,0,0,130,100,2192,2288
134008,516,408,67,43,9999,0,1500,0,3829,7500,3,2,1651,456,2000,1,0,1,73,72,24,0,0,0,0,0,2192,2288,2744,1760,0,23,47,52,44,10,5,23,0,0,34,0,0,12002,605,0,370,0,370,0,0,0,0,0,0,0,0,0,0,0,0,0,0,0,0,0,0,0,0,0,0,0,0,0,0,0,0,0,0,0,0,0,0,0,0,0,0,0,0,0,0,130,100,2192,2288
135008,516,408,67,43,9999,0,1500,0,3820,7500,3,2,1651,456,2000,1,0,1,73,72,25,0,0,0,0,0,2192,2288,2705,1748,0,19,44,50,44,14,18,19,0,0,33,0,0,12002,605,0,370,0,370,0,0,0,0,0,0,0,0,0,0,0,0,0,0,0,0,0,0,0,0,0,0,0,0,0,0,0,0,0,0,0,0,0,0,0,0,0,0,0,0,0,0,130,100,2192,2288
136008,516,408,67,43,9999,0,1500,0,3820,7500,3,2,1651,456,2000,1,0,1,72,72,24,0,0,0,0,0,2192,2288,1015,1729,0,19,42,39,27,0,14,19,0,0,23,0,0,12002,605,0,370,0,370,0,0,0,0,0,0,0,0,0,0,0,0,0,0,0,0,0,0,0,0,0,0,0,0,0,0,0,0,0,0,0,0,0,0,0,0,0,0,0,0,0,0,130,100,2192,2288
137008,516,408,67,43,9999,0,1500,0,3820,7500,3,2,1651,456,2000,1,0,1,73,72,23,0,0,0,0,0,2192,2288,1578,1720,0,14,50,50,52,10,10,14,0,0,25,0,0,12002,605,0,370,0,370,0,0,0,0,0,0,0,0,0,0,0,0,0,0,0,0,0,0,0,0,0,0,0,0,0,0,0,0,0,0,0,0,0,0,0,0,0,0,0,0,0,0,130,100,2192,2288
138008,516,408,67,43,9999,0,1500,0,3820,7500,3,2,1651,456,2000,1,0,1,72,72,23,0,0,0,0,0,2192,2288,1312,1724,0,15,39,35,36,0,10,15,0,0,23,0,0,12002,605,0,370,0,370,0,0,0,0,0,0,0,0,0,0,0,0,0,0,0,0,0,0,0,0,0,0,0,0,0,0,0,0,0,0,0,0,0,0,0,0,0,0,0,0,0,0,130,100,2192,2288
139008,516,408,67,43,9999,0,1500,0,3820,7500,3,2,1651,456,1708,1,0,1,73,72,23,0,0,0,0,0,2192,2288,1093,1722,0,15,52,52,54,5,14,15,0,0,21,0,0,12002,605,0,370,0,370,0,0,0,0,0,0,0,0,0,0,0,0,0,0,0,0,0,0,0,0,0,0,0,0,0,0,0,0,0,0,0,0,0,0,0,0,0,0,0,0,0,0,130,100,2192,2288
140008,516,408,67,43,9999,0,1500,0,3820,7500,3,2,1651,456,2000,1,0,1,72,72,22,0,0,0,0,0,2192,2288,1126,1719,0,19,38,50,42,10,5,19,0,0,22,0,0,12002,605,0,370,0,370,0,0,0,0,0,0,0,0,0,0,0,0,0,0,0,0,0,0,0,0,0,0,0,0,0,0,0,0,0,0,0,0,0,0,0,0,0,0,0,0,0,0,130,100,2192,2288
141008,516,408,67,43,9999,0,1500,0,3820,7500,3,2,1651,456,2000,1,0,1,73,72,22,0,0,0,0,0,2192,2288,1256,1806,0,15,44,38,42,5,5,15,0,0,22,0,0,12002,605,0,370,0,370,0,0,0,0,0,0,0,0,0,0,0,0,0,0,0,0,0,0,0,0,0,0,0,0,0,0,0,0,0,0,0,0,0,0,0,0,0,0,0,0,0,0,130,100,2192,2288
142008,516,408,67,43,9999,0,1500,0,3820,7500,3,2,1651,456,2000,1,0,1,73,72,23,0,0,0,0,0,2192,2288,1290,1724,0,22,50,47,43,0,22,15,0,0,23,0,0,12002,605,0,370,0,370,0,0,0,0,0,0,0,0,0,0,0,0,0,0,0,0,0,0,0,0,0,0,0,0,0,0,0,0,0,0,0,0,0,0,0,0,0,0,0,0,0,0,130,100,2192,2288
143008,516,408,67,43,9999,0,1500,0,3820,7500,3,2,1651,456,2000,1,0,1,73,72,23,0,0,0,0,0,2192,2288,1240,1719,0,25,42,50,45,5,25,15,0,0,22,0,0,12002,605,0,370,0,370,0,0,0,0,0,0,0,0,0,0,0,0,0,0,0,0,0,0,0,0,0,0,0,0,0,0,0,0,0,0,0,0,0,0,0,0,0,0,0,0,0,0,130,100,2192,2288
144009,516,408,67,43,9999,0,1500,0,3820,7338,3,2,1651,456,2000,1,0,1,73,72,23,0,0,0,0,0,2192,2288,1243,1723,0,19,47,42,31,18,5,19,0,0,22,0,0,12002,605,0,370,0,370,0,0,0,0,0,0,0,0,0,0,0,0,0,0,0,0,0,0,0,0,0,0,0,0,0,0,0,0,0,0,0,0,0,0,0,0,0,0,0,0,0,0,130,100,2192,2288
145125,516,408,67,43,9999,0,1500,0,3803,7500,3,2,1651,456,2000,1,0,1,73,72,23,0,0,0,0,0,2192,2288,1336,1721,0,19,42,38,50,9,5,19,0,0,23,0,0,12002,605,0,370,0,370,0,0,0,0,0,0,0,0,0,0,0,0,0,0,0,0,0,0,0,0,0,0,0,0,0,0,0,0,0,0,0,0,0,0,0,0,0,0,0,0,0,0,130,100,2192,2288
146009,516,408,67,43,9999,0,1500,0,3803,7500,3,2,1651,456,2000,1,0,1,72,72,23,0,0,0,0,0,2192,2288,1400,1720,0,14,57,55,63,14,10,14,0,0,23,0,0,12002,605,0,370,0,370,0,0,0,0,0,0,0,0,0,0,0,0,0,0,0,0,0,0,0,0,0,0,0,0,0,0,0,0,0,0,0,0,0,0,0,0,0,0,0,0,0,0,130,100,2192,2288
147009,516,408,67,43,9999,0,1500,0,3803,7500,3,2,1651,456,2000,1,0,1,73,72,23,0,0,0,0,0,2192,2288,1324,1710,0,18,61,57,84,14,18,14,0,0,23,0,0,12002,605,0,370,0,370,0,0,0,0,0,0,0,0,0,0,0,0,0,0,0,0,0,0,0,0,0,0,0,0,0,0,0,0,0,0,0,0,0,0,0,0,0,0,0,0,0,0,130,100,2192,2288
148009,516,408,67,43,9999,0,1500,0,3803,7500,3,2,1651,456,2000,1,0,1,72,72,23,0,0,0,0,0,2192,2288,1020,1716,0,19,42,44,40,9,13,19,0,0,21,0,0,12002,605,0,370,0,370,0,0,0,0,0,0,0,0,0,0,0,0,0,0,0,0,0,0,0,0,0,0,0,0,0,0,0,0,0,0,0,0,0,0,0,0,0,0,0,0,0,0,130,100,2192,2288
149009,516,408,67,43,9999,0,1500,0,3803,7500,3,2,1651,456,2000,1,0,1,73,72,22,0,0,0,0,0,2192,2288,1150,1726,0,19,38,52,39,5,18,19,0,0,22,0,0,12002,605,0,370,0,370,0,0,0,0,0,0,0,0,0,0,0,0,0,0,0,0,0,0,0,0,0,0,0,0,0,0,0,0,0,0,0,0,0,0,0,0,0,0,0,0,0,0,130,100,2192,2288
150009,516,408,67,43,9999,0,1500,0,3803,7500,3,2,1651,492,2000,1,0,1,73,72,23,0,0,0,0,0,2192,2288,1855,1720,0,14,42,47,44,13,10,14,0,0,26,0,0,12002,605,0,370,0,370,0,0,0,0,0,0,0,0,0,0,0,0,0,0,0,0,0,0,0,0,0,0,0,0,0,0,0,0,0,0,0,0,0,0,0,0,0,0,0,0,0,0,130,100,2192,2288
151009,516,408,67,43,9999,0,1500,0,3803,7500,3,3,1651,492,2000,1,0,1,72,72,22,0,0,0,0,0,2192,2288,1327,1970,48,14,66,63,90,14,14,14,0,0,25,0,0,12002,605,0,370,0,370,0,0,0,0,0,0,0,0,0,0,0,0,0,0,0,0,0,0,0,0,0,0,0,0,0,0,0,0,0,0,0,0,0,0,0,0,0,0,0,0,0,48,130,100,2192,2288
152009,516,408,67,43,9999,0,1500,0,3803,7500,3,3,1651,492,2000,1,0,1,73,72,23,0,0,0,0,0,2192,2288,1094,1951,49,19,52,56,45,5,14,19,0,0,24,0,0,12002,605,0,370,0,370,0,0,0,0,0,0,0,0,0,0,0,0,0,0,0,0,0,0,0,0,0,0,0,0,0,0,0,0,0,0,0,0,0,0,0,0,0,0,0,0,0,49,130,100,2192,2288
153026,526,408,67,43,9999,0,1500,0,3803,7500,3,2,1651,456,2000,1,0,1,72,72,23,0,0,0,0,0,2192,2288,1304,1716,0,16,50,54,43,16,10,15,0,0,22,0,0,12002,606,0,370,0,370,0,0,0,0,0,0,0,0,0,0,0,0,0,0,0,0,0,0,0,0,0,0,0,0,0,0,0,0,0,0,0,0,0,0,0,0,0,0,0,0,0,0,130,100,2192,2288
154010,526,408,67,43,9999,0,1500,0,3803,7500,3,2,1651,492,2000,1,0,1,73,72,22,0,0,0,0,0,2192,2288,1515,1620,0,23,54,56,47,5,14,23,0,0,24,0,0,12002,606,0,370,0,370,0,0,0,0,0,0,0,0,0,0,0,0,0,0,0,0,0,0,0,0,0,0,0,0,0,0,0,0,0,0,0,0,0,0,0,0,0,0,0,0,0,0,130,100,2192,2288
155009,526,408,67,43,9999,0,1500,0,3791,7500,3,2,1651,456,2000,1,0,1,72,72,23,0,0,0,0,0,2192,2288,1263,1724,0,18,51,50,45,0,18,15,0,0,23,0,0,12002,606,0,370,0,370,0,0,0,0,0,0,0,0,0,0,0,0,0,0,0,0,0,0,0,0,0,0,0,0,0,0,0,0,0,0,0,0,0,0,0,0,0,0,0,0,0,0,130,100,2192,2288
156009,526,408,67,43,9999,0,1500,0,3791,7500,3,2,1651,456,2000,1,0,1,73,72,23,0,0,0,0,0,2192,2288,1147,1720,0,19,39,45,36,5,10,19,0,0,21,0,0,12002,606,0,370,0,370,0,0,0,0,0,0,0,0,0,0,0,0,0,0,0,0,0,0,0,0,0,0,0,0,0,0,0,0,0,0,0,0,0,0,0,0,0,0,0,0,0,0,130,100,2192,2288
157010,526,408,67,43,9999,0,1500,0,3791,7500,3,2,1651,456,2000,1,0,1,73,72,22,0,0,0,0,0,2192,2288,1672,1739,0,19,52,50,42,5,14,19,0,0,25,0,0,12002,606,0,370,0,370,0,0,0,0,0,0,0,0,0,0,0,0,0,0,0,0,0,0,0,0,0,0,0,0,0,0,0,0,0,0,0,0,0,0,0,0,0,0,0,0,0,0,130,100,2192,2288
158010,526,408,67,43,9999,0,1500,0,3791,7500,3,3,1651,492,2000,1,0,1,73,72,23,0,0,0,0,0,2192,2288,2178,1996,49,30,54,54,45,0,14,30,0,0,32,0,0,12002,606,0,370,0,370,0,0,0,0,0,0,0,0,0,0,0,0,0,0,0,0,0,0,0,0,0,0,0,0,0,0,0,0,0,0,0,0,0,0,0,0,0,0,0,0,0,49,130,100,2192,2288
159010,526,408,67,43,9999,0,1500,0,3791,7274,3,3,1651,492,2000,1,0,1,72,72,24,0,0,0,0,0,2192,2288,792,1952,47,19,47,52,52,14,10,19,0,0,21,0,0,12002,606,0,370,0,370,0,0,0,0,0,0,0,0,0,0,0,0,0,0,0,0,0,0,0,0,0,0,0,0,0,0,0,0,0,0,0,0,0,0,0,0,0,0,0,0,0,47,130,100,2192,2288
160010,526,408,67,43,9999,0,1500,0,3791,7500,3,2,1651,456,2000,1,0,1,73,72,22,0,0,0,0,0,2192,2288,1005,1718,0,19,50,50,38,14,13,19,0,0,21,0,0,12002,606,0,370,0,370,0,0,0,0,0,0,0,0,0,0,0,0,0,0,0,0,0,0,0,0,0,0,0,0,0,0,0,0,0,0,0,0,0,0,0,0,0,0,0,0,0,0,130,100,2192,2288
161010,526,408,67,43,9999,0,1500,0,3791,7500,3,3,1651,492,2000,1,0,1,73,72,22,0,0,0,0,0,2192,2288,912,1947,48,19,47,52,42,13,19,19,0,0,23,0,0,12002,606,0,370,0,370,0,0,0,0,0,0,0,0,0,0,0,0,0,0,0,0,0,0,0,0,0,0,0,0,0,0,0,0,0,0,0,0,0,0,0,0,0,0,0,0,0,48,130,100,2192,2288
162010,526,408,67,43,9999,0,1500,0,3791,7500,3,2,1651,492,2000,1,0,1,73,72,22,0,0,0,0,0,2192,2288,789,1623,0,22,47,50,40,9,17,22,0,0,21,0,0,12002,606,0,370,0,370,0,0,0,0,0,0,0,0,0,0,0,0,0,0,0,0,0,0,0,0,0,0,0,0,0,0,0,0,0,0,0,0,0,0,0,0,0,0,0,0,0,0,130,100,2192,2288
163010,526,408,67,43,9999,0,1500,0,3791,7500,3,2,1651,456,2000,1,0,1,73,72,21,0,0,0,0,0,2192,2288,1103,1723,0,15,47,44,33,9,5,15,0,0,21,0,0,12002,606,0,370,0,370,0,0,0,0,0,0,0,0,0,0,0,0,0,0,0,0,0,0,0,0,0,0,0,0,0,0,0,0,0,0,0,0,0,0,0,0,0,0,0,0,0,0,130,100,2192,2288
164010,526,408,67,43,9999,0,1500,0,3791,7500,3,2,1651,456,2000,1,0,1,73,72,22,0,0,0,0,0,2192,2288,1138,1733,0,22,42,47,38,9,22,15,0,0,21,0,0,12002,606,0,370,0,370,0,0,0,0,0,0,0,0,0,0,0,0,0,0,0,0,0,0,0,0,0,0,0,0,0,0,0,0,0,0,0,0,0,0,0,0,0,0,0,0,0,0,130,100,2192,2288
165010,526,408,67,43,9999,0,1500,0,3817,7500,3,3,1651,492,2000,1,0,1,73,72,22,0,0,0,0,0,2192,2288,1037,1950,50,19,44,44,50,5,18,19,0,0,23,0,0,12002,606,0,370,0,370,0,0,0,0,0,0,0,0,0,0,0,0,0,0,0,0,0,0,0,0,0,0,0,0,0,0,0,0,0,0,0,0,0,0,0,0,0,0,0,0,0,50,130,100,2192,2288
166010,526,408,67,43,9999,0,1500,0,3817,7500,3,3,1651,492,2000,1,0,1,73,72,22,0,0,0,0,0,2192,2288,1059,1943,50,21,54,54,52,13,14,21,0,0,23,0,0,12002,606,0,370,0,370,0,0,0,0,0,0,0,0,0,0,0,0,0,0,0,0,0,0,0,0,0,0,0,0,0,0,0,0,0,0,0,0,0,0,0,0,0,0,0,0,0,50,130,100,2192,2288
167010,526,408,67,43,9999,0,1500,0,3817,7500,3,3,1651,492,2000,1,0,1,72,72,22,0,0,0,0,0,2192,2288,917,1967,53,22,50,57,47,5,14,22,0,0,23,0,0,12002,606,0,370,0,370,0,0,0,0,0,0,0,0,0,0,0,0,0,0,0,0,0,0,0,0,0,0,0,0,0,0,0,0,0,0,0,0,0,0,0,0,0,0,0,0,0,53,130,100,2192,2288
168010,526,408,67,43,9999,0,1500,0,3817,7500,3,3,1651,492,2000,1,0,1,73,72,22,0,0,0,0,0,2192,2288,1102,1954,49,18,55,57,69,18,10,14,0,0,24,0,0,12002,606,0,370,0,370,0,0,0,0,0,0,0,0,0,0,0,0,0,0,0,0,0,0,0,0,0,0,0,0,0,0,0,0,0,0,0,0,0,0,0,0,0,0,0,0,0,49,130,100,2192,2288
169010,526,408,67,43,9999,0,1500,0,3817,7500,3,3,1651,492,2000,1,0,1,73,72,22,0,0,0,0,0,2192,2288,1239,1952,52,22,54,47,54,10,14,22,0,0,25,0,0,12002,606,0,370,0,370,0,0,0,0,0,0,0,0,0,0,0,0,0,0,0,0,0,0,0,0,0,0,0,0,0,0,0,0,0,0,0,0,0,0,0,0,0,0,0,0,0,52,130,100,2192,2288
170011,526,408,67,43,9999,0,1500,0,3817,7500,3,2,1651,492,2000,1,0,1,72,72,22,0,0,0,0,0,2192,2288,871,1621,0,15,54,50,52,5,9,15,0,0,19,0,0,12002,606,0,370,0,370,0,0,0,0,0,0,0,0,0,0,0,0,0,0,0,0,0,0,0,0,0,0,0,0,0,0,0,0,0,0,0,0,0,0,0,0,0,0,0,0,0,0,130,100,2192,2288
171011,526,408,67,43,9999,0,1500,0,3817,7500,3,2,1651,456,2000,1,0,1,73,72,23,0,0,0,0,0,2192,2288,982,1732,0,19,38,38,38,4,14,19,0,0,21,0,0,12002,606,0,370,0,370,0,0,0,0,0,0,0,0,0,0,0,0,0,0,0,0,0,0,0,0,0,0,0,0,0,0,0,0,0,0,0,0,0,0,0,0,0,0,0,0,0,0,130,100,2192,2288
172011,526,408,67,43,9999,0,1500,0,3817,7496,3,2,1651,456,2000,1,0,1,73,72,22,0,0,0,0,0,2192,2288,1085,1720,0,14,42,42,35,5,14,14,0,0,21,0,0,12002,606,0,370,0,370,0,0,0,0,0,0,0,0,0,0,0,0,0,0,0,0,0,0,0,0,0,0,0,0,0,0,0,0,0,0,0,0,0,0,0,0,0,0,0,0,0,0,130,100,2192,2288
173028,521,408,67,43,9999,0,1500,0,3817,7500,3,2,1651,456,2000,1,0,1,72,72,23,0,0,0,0,0,2192,2288,1036,1724,0,23,52,55,75,9,18,23,0,0,21,0,0,12002,606,0,370,0,370,0,0,0,0,0,0,0,0,0,0,0,0,0,0,0,0,0,0,0,0,0,0,0,0,0,0,0,0,0,0,0,0,0,0,0,0,0,0,0,0,0,0,130,100,2192,2288
174012,521,408,67,43,9999,0,1500,0,3817,7500,3,3,1651,492,2000,1,0,1,73,72,22,0,0,0,0,0,2192,2288,1120,1967,47,23,54,57,52,9,14,23,0,0,24,0,0,12002,606,0,370,0,370,0,0,0,0,0,0,0,0,0,0,0,0,0,0,0,0,0,0,0,0,0,0,0,0,0,0,0,0,0,0,0,0,0,0,0,0,0,0,0,0,0,47,130,100,2192,2288
175011,521,408,67,43,9999,0,1500,0,3811,7500,3,2,1651,456,2000,1,0,1,73,72,22,0,0,0,0,0,2192,2288,1238,1720,0,15,39,42,40,0,10,15,0,0,22,0,0,12002,606,0,370,0,370,0,0,0,0,0,0,0,0,0,0,0,0,0,0,0,0,0,0,0,0,0,0,0,0,0,0,0,0,0,0,0,0,0,0,0,0,0,0,0,0,0,0,130,100,2192,2288
176011,521,408,67,43,9999,0,1500,0,3811,7500,3,2,1651,456,2000,1,0,1,73,72,23,0,0,0,0,0,2192,2288,1152,1727,0,23,45,42,42,5,10,23,0,0,21,0,0,12002,606,0,370,0,370,0,0,0,0,0,0,0,0,0,0,0,0,0,0,0,0,0,0,0,0,0,0,0,0,0,0,0,0,0,0,0,0,0,0,0,0,0,0,0,0,0,0,130,100,2192,2288
177011,521,408,67,43,9999,0,1500,0,3811,7500,3,2,1651,456,2000,1,0,1,72,72,22,0,0,0,0,0,2192,2288,964,1719,0,15,42,52,39,5,14,15,0,0,20,0,0,12002,606,0,370,0,370,0,0,0,0,0,0,0,0,0,0,0,0,0,0,0,0,0,0,0,0,0,0,0,0,0,0,0,0,0,0,0,0,0,0,0,0,0,0,0,0,0,0,130,100,2192,2288
178011,521,408,67,43,9999,0,1500,0,3811,7500,3,2,1651,456,2000,1,0,1,73,72,22,0,0,0,0,0,2192,2288,943,1726,0,23,47,41,33,17,22,23,0,0,20,0,0,12002,606,0,370,0,370,0,0,0,0,0,0,0,0,0,0,0,0,0,0,0,0,0,0,0,0,0,0,0,0,0,0,0,0,0,0,0,0,0,0,0,0,0,0,0,0,0,0,130,100,2192,2288
179011,521,408,67,43,9999,0,1500,0,3811,7500,3,2,1651,456,2000,1,0,1,72,72,22,0,0,0,0,0,2192,2288,910,1759,0,23,39,31,44,10,5,23,0,0,20,0,0,12002,606,0,370,0,370,0,0,0,0,0,0,0,0,0,0,0,0,0,0,0,0,0,0,0,0,0,0,0,0,0,0,0,0,0,0,0,0,0,0,0,0,0,0,0,0,0,0,130,100,2192,2288
180011,521,408,67,43,9999,0,1500,0,3811,7500,3,2,1651,456,2000,1,0,1,73,72,22,0,0,0,0,0,2192,2288,1344,1722,0,23,47,35,33,14,14,23,0,0,23,0,0,12002,606,0,370,0,370,0,0,0,0,0,0,0,0,0,0,0,0,0,0,0,0,0,0,0,0,0,0,0,0,0,0,0,0,0,0,0,0,0,0,0,0,0,0,0,0,0,0,130,100,2192,2288
181011,521,408,67,43,9999,0,1500,0,3811,7500,3,2,1651,456,2000,1,0,1,73,72,23,0,0,0,0,0,2192,2288,1158,1710,0,19,50,42,39,10,14,19,0,0,22,0,0,12002,606,0,370,0,370,0,0,0,0,0,0,0,0,0,0,0,0,0,0,0,0,0,0,0,0,0,0,0,0,0,0,0,0,0,0,0,0,0,0,0,0,0,0,0,0,0,0,130,100,2192,2288
182011,521,408,67,43,9999,0,1500,0,3811,7500,3,2,1651,456,2000,1,0,1,72,72,22,0,0,0,0,0,2192,2288,1044,1723,0,15,45,42,39,9,14,15,0,0,21,0,0,12002,606,0,370,0,370,0,0,0,0,0,0,0,0,0,0,0,0,0,0,0,0,0,0,0,0,0,0,0,0,0,0,0,0,0,0,0,0,0,0,0,0,0,0,0,0,0,0,130,100,2192,2288
183011,521,408,67,43,9999,0,1500,0,3811,7500,3,2,1651,456,2000,1,0,1,72,72,22,0,0,0,0,0,2192,2288,1035,1719,0,19,50,50,40,13,9,19,0,0,21,0,0,12002,606,0,370,0,370,0,0,0,0,0,0,0,0,0,0,0,0,0,0,0,0,0,0,0,0,0,0,0,0,0,0,0,0,0,0,0,0,0,0,0,0,0,0,0,0,0,0,130,100,2192,2288
184011,521,408,67,43,9999,0,1500,0,3811,7500,3,2,1651,456,2000,1,0,1,73,72,22,0,0,0,0,0,2192,2288,1038,1721,0,18,47,42,40,5,18,15,0,0,21,0,0,12002,606,0,370,0,370,0,0,0,0,0,0,0,0,0,0,0,0,0,0,0,0,0,0,0,0,0,0,0,0,0,0,0,0,0,0,0,0,0,0,0,0,0,0,0,0,0,0,130,100,2192,2288
185012,521,408,67,43,9999,0,1500,0,3803,7500,3,2,1651,456,2000,1,0,1,73,72,23,0,0,0,0,0,2192,2288,1065,1716,0,19,38,44,43,0,5,19,0,0,21,0,0,12002,606,0,370,0,370,0,0,0,0,0,0,0,0,0,0,0,0,0,0,0,0,0,0,0,0,0,0,0,0,0,0,0,0,0,0,0,0,0,0,0,0,0,0,0,0,0,0,130,100,2192,2288
186012,521,408,67,43,9999,0,1500,0,3803,7500,3,2,1651,456,2000,1,0,1,72,72,22,0,0,0,0,0,2192,2288,1190,1722,0,11,44,31,44,5,5,11,0,0,22,0,0,12002,606,0,370,0,370,0,0,0,0,0,0,0,0,0,0,0,0,0,0,0,0,0,0,0,0,0,0,0,0,0,0,0,0,0,0,0,0,0,0,0,0,0,0,0,0,0,0,130,100,2192,2288
187012,521,408,67,43,9999,0,1500,0,3803,7500,3,2,1651,456,1555,1,0,1,73,72,22,0,0,0,0,0,2192,2288,1268,1730,0,27,31,50,36,5,10,27,0,0,23,0,0,12002,606,0,370,0,370,0,0,0,0,0,0,0,0,0,0,0,0,0,0,0,0,0,0,0,0,0,0,0,0,0,0,0,0,0,0,0,0,0,0,0,0,0,0,0,0,0,0,130,100,2192,2288
188012,521,408,67,43,9999,0,1500,0,3803,7500,3,3,1651,456,1555,1,0,1,72,72,23,0,0,0,0,0,2192,2288,1107,1964,48,15,52,50,52,9,14,15,0,0,24,0,0,12002,606,0,370,0,370,0,0,0,0,0,0,0,0,0,0,0,0,0,0,0,0,0,0,0,0,0,0,0,0,0,0,0,0,0,0,0,0,0,0,0,0,0,0,0,0,0,48,130,100,2192,2288
189012,521,408,67,43,9999,0,1500,0,3803,7500,3,3,1651,492,2000,1,0,1,73,72,22,0,0,0,0,0,2192,2288,1141,1965,58,15,50,54,42,9,14,15,0,0,24,0,0,12002,606,0,370,0,370,0,0,0,0,0,0,0,0,0,0,0,0,0,0,0,0,0,0,0,0,0,0,0,0,0,0,0,0,0,0,0,0,0,0,0,0,0,0,0,0,0,58,130,100,2192,2288
190012,521,408,67,43,9999,0,1500,0,3803,7500,3,3,1651,492,2000,1,0,1,73,72,23,0,0,0,0,0,2192,2288,1031,1960,54,19,44,42,36,9,14,19,0,0,23,0,0,12002,606,0,370,0,370,0,0,0,0,0,0,0,0,0,0,0,0,0,0,0,0,0,0,0,0,0,0,0,0,0,0,0,0,0,0,0,0,0,0,0,0,0,0,0,0,0,54,130,100,2192,2288
191012,521,408,67,43,9999,0,1500,0,3803,7500,3,3,1651,492,2000,1,0,1,72,72,23,0,0,0,0,0,2192,2288,795,2259,56,23,42,38,44,9,14,23,0,0,25,0,0,12002,606,0,370,0,370,0,0,0,0,0,0,0,0,0,0,0,0,0,0,0,0,0,0,0,0,0,0,0,0,0,0,0,0,0,0,0,0,0,0,0,0,0,0,0,0,0,56,130,100,2192,2288
192012,521,408,67,43,9999,0,1500,0,3803,7500,3,2,1651,492,2000,1,0,1,73,72,23,0,0,0,0,0,2192,2288,1487,1641,0,21,44,52,42,5,10,21,0,0,26,0,0,12002,606,0,370,0,370,0,0,0,0,0,0,0,0,0,0,0,0,0,0,0,0,0,0,0,0,0,0,0,0,0,0,0,0,0,0,0,0,0,0,0,0,0,0,0,0,0,0,130,100,2192,2288
193030,517,408,67,43,9999,0,1500,0,3803,7500,3,2,1651,456,2000,1,0,1,73,72,23,0,0,0,0,0,2192,2288,1757,1726,0,23,39,35,39,17,14,23,0,0,26,0,0,12002,607,0,370,0,370,0,0,0,0,0,0,0,0,0,0,0,0,0,0,0,0,0,0,0,0,0,0,0,0,0,0,0,0,0,0,0,0,0,0,0,0,0,0,0,0,0,0,130,100,2192,2288
194012,517,408,67,43,9999,0,1500,0,3803,7500,3,2,1651,456,2000,1,0,1,72,72,23,0,0,0,0,0,2192,2288,1414,1716,0,19,47,38,44,14,9,19,0,0,24,0,0,12002,607,0,370,0,370,0,0,0,0,0,0,0,0,0,0,0,0,0,0,0,0,0,0,0,0,0,0,0,0,0,0,0,0,0,0,0,0,0,0,0,0,0,0,0,0,0,0,130,100,2192,2288
195012,517,408,67,43,9999,0,1500,0,3790,7500,3,2,1651,456,2000,1,0,1,72,72,23,0,0,0,0,0,2192,2288,2523,1745,0,23,38,42,36,13,10,23,0,0,31,0,0,12002,607,0,370,0,370,0,0,0,0,0,0,0,0,0,0,0,0,0,0,0,0,0,0,0,0,0,0,0,0,0,0,0,0,0,0,0,0,0,0,0,0,0,0,0,0,0,0,130,100,2192,2288
196012,517,408,67,43,9999,0,1500,0,3790,7500,3,2,1651,456,2000,1,0,1,73,72,23,0,0,0,0,0,2192,2288,2987,1764,0,23,35,44,36,9,14,23,0,0,35,0,0,12002,607,0,370,0,370,0,0,0,0,0,0,0,0,0,0,0,0,0,0,0,0,0,0,0,0,0,0,0,0,0,0,0,0,0,0,0,0,0,0,0,0,0,0,0,0,0,0,130,100,2192,2288
197012,517,408,67,43,9999,0,1500,0,3790,7500,3,2,1651,456,2000,1,0,1,73,72,24,0,0,0,0,0,2192,2288,1187,1731,0,19,52,50,60,5,10,19,0,0,23,0,0,12002,607,0,370,0,370,0,0,0,0,0,0,0,0,0,0,0,0,0,0,0,0,0,0,0,0,0,0,0,0,0,0,0,0,0,0,0,0,0,0,0,0,0,0,0,0,0,0,130,100,2192,2288
198012,517,408,67,43,9999,0,1500,0,3790,7500,3,2,1651,456,2000,1,0,1,72,72,24,0,0,0,0,0,2192,2288,1270,1720,0,19,42,54,42,5,10,19,0,0,23,0,0,12002,607,0,370,0,370,0,0,0,0,0,0,0,0,0,0,0,0,0,0,0,0,0,0,0,0,0,0,0,0,0,0,0,0,0,0,0,0,0,0,0,0,0,0,0,0,0,0,130,100,2192,2288
199013,517,408,67,43,9999,0,1500,0,3790,7500,3,2,1651,456,2000,1,0,1,73,72,22,0,0,0,0,0,2192,2288,1316,1725,0,23,55,59,47,9,22,23,0,0,23,0,0,12002,607,0,370,0,370,0,0,0,0,0,0,0,0,0,0,0,0,0,0,0,0,0,0,0,0,0,0,0,0,0,0,0,0,0,0,0,0,0,0,0,0,0,0,0,0,0,0,130,100,2192,2288
200013,517,408,66,44,9999,0,1500,0,3798,7500,3,2,1651,456,2000,1,0,1,73,72,23,0,0,1,0,0,2192,2288,1336,1718,0,23,60,68,72,14,23,19,0,0,23,0,0,12002,607,0,370,0,370,1,1,0,0,0,0,0,0,0,0,0,0,0,0,0,0,0,0,0,0,0,0,0,0,0,0,0,0,0,0,0,0,0,0,0,0,0,0,0,0,0,0,130,100,2192,2288
201013,517,408,66,44,9999,0,1500,0,3798,7166,3,2,1651,456,2000,1,0,1,72,72,23,0,0,0,0,0,2192,2288,1234,1713,0,27,35,40,36,9,14,27,0,0,23,0,0,12002,607,0,370,0,370,0,0,0,0,0,0,0,0,0,0,0,0,0,0,0,0,0,0,0,0,0,0,0,0,0,0,0,0,0,0,0,0,0,0,0,0,0,0,0,0,0,0,130,100,2192,2288
202013,517,408,66,44,9999,0,1500,0,3798,7500,3,2,1651,456,2000,1,0,1,72,72,23,0,0,0,0,0,2192,2288,1131,1713,0,27,42,45,31,5,14,27,0,0,22,0,0,12002,607,0,370,0,370,0,0,0,0,0,0,0,0,0,0,0,0,0,0,0,0,0,0,0,0,0,0,0,0,0,0,0,0,0,0,0,0,0,0,0,0,0,0,0,0,0,0,130,100,2192,2288
203013,517,408,66,44,9999,0,1500,0,3798,7500,3,2,1651,456,2000,1,0,1,73,72,24,0,0,0,0,0,2192,2288,1244,1725,0,15,42,42,35,9,10,15,0,0,22,0,0,12002,607,0,370,0,370,0,0,0,0,0,0,0,0,0,0,0,0,0,0,0,0,0,0,0,0,0,0,0,0,0,0,0,0,0,0,0,0,0,0,0,0,0,0,0,0,0,0,130,100,2192,2288
204013,517,408,66,44,9999,0,1500,0,3798,7500,3,2,1651,456,2000,1,0,1,72,72,23,0,0,0,0,0,2192,2288,1175,1720,0,14,44,45,50,5,10,14,0,0,22,0,0,12002,607,0,370,0,370,0,0,0,0,0,0,0,0,0,0,0,0,0,0,0,0,0,0,0,0,0,0,0,0,0,0,0,0,0,0,0,0,0,0,0,0,0,0,0,0,0,0,130,100,2192,2288
205013,517,408,66,44,9999,0,1500,0,3826,7410,3,3,1651,456,1555,1,0,1,72,72,23,0,0,0,0,0,2192,2288,839,1957,48,19,36,47,33,4,14,19,0,0,22,0,0,12002,607,0,370,0,370,0,0,0,0,0,0,0,0,0,0,0,0,0,0,0,0,0,0,0,0,0,0,0,0,0,0,0,0,0,0,0,0,0,0,0,0,0,0,0,0,0,48,130,100,2192,2288
206013,517,408,66,44,9999,0,1500,0,3826,7500,3,2,1651,492,2000,1,0,1,72,72,22,0,0,0,0,0,2192,2288,616,1604,0,18,39,47,42,4,18,15,0,0,19,0,0,12002,607,0,370,0,370,0,0,0,0,0,0,0,0,0,0,0,0,0,0,0,0,0,0,0,0,0,0,0,0,0,0,0,0,0,0,0,0,0,0,0,0,0,0,0,0,0,0,130,100,2192,2288
207013,517,408,66,44,9999,0,1500,0,3826,7500,3,2,1651,456,2000,1,0,1,73,72,23,0,0,0,0,0,2192,2288,900,1717,0,22,60,66,90,22,17,10,0,0,20,0,0,12002,607,0,370,0,370,0,0,0,0,0,0,0,0,0,0,0,0,0,0,0,0,0,0,0,0,0,0,0,0,0,0,0,0,0,0,0,0,0,0,0,0,0,0,0,0,0,0,130,100,2192,2288
208013,517,408,66,44,9999,0,1500,0,3826,7330,3,2,1651,456,2000,1,0,1,73,72,23,0,0,0,0,0,2192,2288,1219,1741,0,15,35,39,36,9,5,15,0,0,22,0,0,12002,607,0,370,0,370,0,0,0,0,0,0,0,0,0,0,0,0,0,0,0,0,0,0,0,0,0,0,0,0,0,0,0,0,0,0,0,0,0,0,0,0,0,0,0,0,0,0,130,100,2192,2288
209013,517,408,66,44,9999,0,1500,0,3826,7500,3,2,1651,456,2000,1,0,1,73,72,23,0,0,0,0,0,2192,2288,1243,1730,0,14,54,47,75,5,10,14,0,0,22,0,0,12002,607,0,370,0,370,0,0,0,0,0,0,0,0,0,0,0,0,0,0,0,0,0,0,0,0,0,0,0,0,0,0,0,0,0,0,0,0,0,0,0,0,0,0,0,0,0,0,130,100,2192,2288
210014,517,408,66,44,9999,0,1500,0,3826,7500,3,3,1651,456,2000,1,0,1,73,72,23,0,0,0,0,0,2192,2288,1038,1943,49,23,36,38,36,0,9,23,0,0,24,0,0,12002,607,0,370,0,370,0,0,0,0,0,0,0,0,0,0,0,0,0,0,0,0,0,0,0,0,0,0,0,0,0,0,0,0,0,0,0,0,0,0,0,0,0,0,0,0,0,49,130,100,2192,2288
211013,517,408,66,44,9999,0,1500,0,3826,7500,3,3,1651,492,2000,1,0,1,72,72,22,0,0,0,0,0,2192,2288,942,1940,50,15,31,42,31,9,10,15,0,0,23,0,0,12002,607,0,370,0,370,0,0,0,0,0,0,0,0,0,0,0,0,0,0,0,0,0,0,0,0,0,0,0,0,0,0,0,0,0,0,0,0,0,0,0,0,0,0,0,0,0,50,130,100,2192,2288
212013,517,408,66,44,9999,0,1500,0,3826,7500,3,3,1651,492,2000,1,0,1,73,72,22,0,0,0,0,0,2192,2288,985,1942,52,27,42,39,36,9,14,27,0,0,23,0,0,12002,607,0,370,0,370,0,0,0,0,0,0,0,0,0,0,0,0,0,0,0,0,0,0,0,0,0,0,0,0,0,0,0,0,0,0,0,0,0,0,0,0,0,0,0,0,0,52,130,100,2192,2288
213030,512,408,66,44,9999,0,1500,0,3826,7500,3,3,1651,492,2000,1,0,1,73,72,22,0,0,0,0,0,2192,2288,963,1934,51,19,54,47,38,10,14,19,0,0,23,0,0,12002,607,0,370,0,370,0,0,0,0,0,0,0,0,0,0,0,0,0,0,0,0,0,0,0,0,0,0,0,0,0,0,0,0,0,0,0,0,0,0,0,0,0,0,0,0,0,51,130,100,2192,2288
214014,512,408,66,44,9999,0,1500,0,3826,7500,3,3,1651,492,2000,1,0,1,73,72,23,0,0,0,0,0,2192,2288,963,1934,52,28,55,52,47,10,28,15,0,0,23,0,0,12002,607,0,370,0,370,0,0,0,0,0,0,0,0,0,0,0,0,0,0,0,0,0,0,0,0,0,0,0,0,0,0,0,0,0,0,0,0,0,0,0,0,0,0,0,0,0,52,130,100,2192,2288
215017,512,408,66,44,9999,0,1500,0,3809,7500,3,3,1651,492,2000,1,0,1,73,72,23,0,0,0,0,0,2192,2288,996,1948,52,14,36,38,35,10,5,14,0,0,23,0,0,12002,607,0,370,0,370,0,0,0,0,0,0,0,0,0,0,0,0,0,0,0,0,0,0,0,0,0,0,0,0,0,0,0,0,0,0,0,0,0,0,0,0,0,0,0,0,0,52,130,100,2192,2288
216014,512,408,66,44,9999,0,1500,0,3809,7500,3,3,1651,492,2000,1,0,1,73,72,22,0,0,0,0,0,2192,2288,1000,1941,54,19,47,57,52,10,14,19,0,0,23,0,0,12002,607,0,370,0,370,0,0,0,0,0,0,0,0,0,0,0,0,0,0,0,0,0,0,0,0,0,0,0,0,0,0,0,0,0,0,0,0,0,0,0,0,0,0,0,0,0,54,130,100,2192,2288
217014,512,408,66,44,9999,0,1500,0,3809,7500,3,3,1651,492,2000,1,0,1,73,72,22,0,0,0,0,0,2192,2288,881,1942,49,15,35,47,39,9,5,15,0,0,22,0,0,12002,607,0,370,0,370,0,0,0,0,0,0,0,0,0,0,0,0,0,0,0,0,0,0,0,0,0,0,0,0,0,0,0,0,0,0,0,0,0,0,0,0,0,0,0,0,0,49,130,100,2192,2288
218014,512,408,66,44,9999,0,1500,0,3809,7500,3,3,1651,492,2000,1,0,1,73,72,22,0,0,0,0,0,2192,2288,887,1946,48,23,50,50,39,5,14,23,0,0,22,0,0,12002,607,0,370,0,370,0,0,0,0,0,0,0,0,0,0,0,0,0,0,0,0,0,0,0,0,0,0,0,0,0,0,0,0,0,0,0,0,0,0,0,0,0,0,0,0,0,48,130,100,2192,2288
219014,512,408,66,44,9999,0,1500,0,3809,7385,3,3,1651,492,2000,1,0,1,73,72,22,0,0,0,0,0,2192,2288,1051,1944,50,15,38,47,42,9,10,15,0,0,23,0,0,12002,607,0,370,0,370,0,0,0,0,0,0,0,0,0,0,0,0,0,0,0,0,0,0,0,0,0,0,0,0,0,0,0,0,0,0,0,0,0,0,0,0,0,0,0,0,0,50,130,100,2192,2288
220014,512,408,66,44,9999,0,1500,0,3809,7500,3,3,1651,492,2000,1,0,1,73,72,23,0,0,0,0,0,2192,2288,969,1944,50,22,47,47,38,5,5,22,0,0,23,0,0,12002,607,0,370,0,370,0,0,0,0,0,0,0,0,0,0,0,0,0,0,0,0,0,0,0,0,0,0,0,0,0,0,0,0,0,0,0,0,0,0,0,0,0,0,0,0,0,50,130,100,2192,2288
221014,512,408,66,44,9999,0,1500,0,3809,7500,3,3,1651,492,2000,1,0,1,72,72,23,0,0,0,0,0,2192,2288,1027,1941,49,19,50,47,42,13,9,19,0,0,23,0,0,12002,607,0,370,0,370,0,0,0,0,0,0,0,0,0,0,0,0,0,0,0,0,0,0,0,0,0,0,0,0,0,0,0,0,0,0,0,0,0,0,0,0,0,0,0,0,0,49,130,100,2192,2288
222014,512,408,66,44,9999,0,1500,0,3809,7397,3,2,1651,492,2000,1,0,1,73,72,22,0,0,0,0,0,2192,2288,1189,1710,0,23,39,50,40,9,10,23,0,0,22,0,0,12002,607,0,370,0,370,0,0,0,0,0,0,0,0,0,0,0,0,0,0,0,0,0,0,0,0,0,0,0,0,0,0,0,0,0,0,0,0,0,0,0,0,0,0,0,0,0,0,130,100,2192,2288
223014,512,408,66,44,9999,0,1500,0,3809,7500,3,2,1651,456,2000,1,0,1,73,72,22,0,0,0,0,0,2192,2288,911,1711,0,15,43,39,36,0,9,15,0,0,21,0,0,12002,607,0,370,0,370,0,0,0,0,0,0,0,0,0,0,0,0,0,0,0,0,0,0,0,0,0,0,0,0,0,0,0,0,0,0,0,0,0,0,0,0,0,0,0,0,0,0,130,100,2192,2288
224014,512,408,66,44,9999,0,1500,0,3809,7500,3,2,1651,456,2000,1,0,1,73,72,22,0,0,0,0,0,2192,2288,1264,1732,0,19,36,42,26,5,19,19,0,0,23,0,0,12002,607,0,370,0,370,0,0,0,0,0,0,0,0,0,0,0,0,0,0,0,0,0,0,0,0,0,0,0,0,0,0,0,0,0,0,0,0,0,0,0,0,0,0,0,0,0,0,130,100,2192,2288
225014,512,408,66,44,9999,0,1500,0,3810,7500,3,2,1651,456,2000,1,0,1,73,72,22,0,0,0,0,0,2192,2288,1464,1726,0,23,42,42,39,0,14,23,0,0,24,0,0,12002,607,0,370,0,370,0,0,0,0,0,0,0,0,0,0,0,0,0,0,0,0,0,0,0,0,0,0,0,0,0,0,0,0,0,0,0,0,0,0,0,0,0,0,0,0,0,0,130,100,2192,2288
226015,512,408,66,44,9999,0,1500,0,3810,7500,3,3,1651,456,2000,1,0,1,73,72,23,0,0,0,0,0,2192,2288,1546,1962,48,19,50,52,44,0,18,19,0,0,27,0,0,12002,607,0,370,0,370,0,0,0,0,0,0,0,0,0,0,0,0,0,0,0,0,0,0,0,0,0,0,0,0,0,0,0,0,0,0,0,0,0,0,0,0,0,0,0,0,0,48,130,100,2192,2288
227015,512,408,66,44,9999,0,1500,0,3810,7500,3,2,1651,492,2000,1,0,1,72,72,23,0,0,0,0,0,2192,2288,1576,1708,0,23,52,47,57,9,5,23,0,0,25,0,0,12002,607,0,370,0,370,0,0,0,0,0,0,0,0,0,0,0,0,0,0,0,0,0,0,0,0,0,0,0,0,0,0,0,0,0,0,0,0,0,0,0,0,0,0,0,0,0,0,130,100,2192,2288
228015,512,408,66,44,9999,0,1500,0,3810,7500,3,2,1651,456,2000,1,0,1,73,72,23,0,0,0,0,0,2192,2288,1976,1733,0,19,36,42,42,9,18,19,0,0,27,0,0,12002,607,0,370,0,370,0,0,0,0,0,0,0,0,0,0,0,0,0,0,0,0,0,0,0,0,0,0,0,0,0,0,0,0,0,0,0,0,0,0,0,0,0,0,0,0,0,0,130,100,2192,2288
229015,512,408,66,44,9999,0,1500,0,3810,7500,3,2,1651,456,2000,1,0,1,73,72,23,0,0,0,0,0,2192,2288,2064,1732,0,27,36,29,30,13,10,27,0,0,28,0,0,12002,607,0,370,0,370,0,0,0,0,0,0,0,0,0,0,0,0,0,0,0,0,0,0,0,0,0,0,0,0,0,0,0,0,0,0,0,0,0,0,0,0,0,0,0,0,0,0,130,100,2192,2288
230015,512,408,66,44,9999,0,1500,0,3810,7500,3,2,1651,456,2000,1,0,1,73,72,24,0,0,0,0,0,2192,2288,2502,1747,0,15,50,44,42,10,13,15,0,0,31,0,0,12002,607,0,370,0,370,0,0,0,0,0,0,0,0,0,0,0,0,0,0,0,0,0,0,0,0,0,0,0,0,0,0,0,0,0,0,0,0,0,0,0,0,0,0,0,0,0,0,130,100,2192,2288
231015,512,408,66,44,9999,0,1500,0,3810,7500,3,2,1651,456,2000,1,0,1,73,72,24,0,0,0,0,0,2192,2288,2664,1758,0,23,29,39,30,5,10,23,0,0,32,0,0,12002,607,0,370,0,370,0,0,0,0,0,0,0,0,0,0,0,0,0,0,0,0,0,0,0,0,0,0,0,0,0,0,0,0,0,0,0,0,0,0,0,0,0,0,0,0,0,0,130,100,2192,2288
232015,512,408,66,44,9999,0,1500,0,3810,7500,3,2,1651,456,2000,1,0,1,72,72,24,0,0,0,0,0,2192,2288,1798,1729,0,26,42,38,38,19,14,26,0,0,24,0,0,12002,607,0,370,0,370,0,0,0,0,0,0,0,0,0,0,0,0,0,0,0,0,0,0,0,0,0,0,0,0,0,0,0,0,0,0,0,0,0,0,0,0,0,0,0,0,0,0,130,100,2192,2288
233030,526,408,66,44,9999,0,1500,0,3809,7500,3,2,1651,456,2000,1,0,1,72,72,23,0,0,0,0,0,2192,2288,1393,1725,0,23,42,42,43,5,14,23,0,0,23,0,0,12002,607,0,370,0,370,0,0,0,0,0,0,0,0,0,0,0,0,0,0,0,0,0,0,0,0,0,0,0,0,0,0,0,0,0,0,0,0,0,0,0,0,0,0,0,0,0,0,130,100,2192,2288
234015,526,408,66,44,9999,0,1500,0,3809,7160,3,2,1651,456,2000,1,0,1,73,72,23,0,0,0,0,0,2192,2288,1354,1716,0,19,38,36,35,5,14,19,0,0,23,0,0,12002,607,0,370,0,370,0,0,0,0,0,0,0,0,0,0,0,0,0,0,0,0,0,0,0,0,0,0,0,0,0,0,0,0,0,0,0,0,0,0,0,0,0,0,0,0,0,0,130,100,2192,2288
235015,526,408,66,44,9999,0,1500,0,3813,7500,3,2,1651,456,2000,1,0,1,73,72,23,0,0,0,0,0,2192,2288,1213,1717,0,23,33,38,47,14,14,23,0,0,22,0,0,12002,607,0,370,0,370,0,0,0,0,0,0,0,0,0,0,0,0,0,0,0,0,0,0,0,0,0,0,0,0,0,0,0,0,0,0,0,0,0,0,0,0,0,0,0,0,0,0,130,100,2192,2288
236015,526,408,66,44,9999,0,1500,0,3813,7500,3,2,1651,456,2000,1,0,1,72,72,22,0,0,0,0,0,2192,2288,1345,1716,0,23,31,42,22,5,10,23,0,0,23,0,0,12002,607,0,370,0,370,0,0,0,0,0,0,0,0,0,0,0,0,0,0,0,0,0,0,0,0,0,0,0,0,0,0,0,0,0,0,0,0,0,0,0,0,0,0,0,0,0,0,130,100,2192,2288
237015,526,408,66,44,9999,0,1500,0,3813,7439,3,2,1651,456,2000,1,0,1,73,72,22,0,0,0,0,0,2192,2288,1348,1714,0,19,35,31,22,0,10,19,0,0,22,0,0,12002,607,0,370,0,370,0,0,0,0,0,0,0,0,0,0,0,0,0,0,0,0,0,0,0,0,0,0,0,0,0,0,0,0,0,0,0,0,0,0,0,0,0,0,0,0,0,0,130,100,2192,2288
238015,526,408,66,44,9999,0,1500,0,3813,7500,3,2,1651,456,2000,1,0,1,72,72,23,0,0,0,0,0,2192,2288,887,1725,0,23,39,36,30,13,10,23,0,0,20,0,0,12002,607,0,370,0,370,0,0,0,0,0,0,0,0,0,0,0,0,0,0,0,0,0,0,0,0,0,0,0,0,0,0,0,0,0,0,0,0,0,0,0,0,0,0,0,0,0,0,130,100,2192,2288
239015,526,408,66,44,9999,0,1500,0,3813,7500,3,3,1651,456,2000,1,0,1,73,72,22,0,0,0,0,0,2192,2288,990,1889,51,19,44,44,33,9,18,19,0,0,21,0,0,12002,607,0,370,0,370,0,0,0,0,0,0,0,0,0,0,0,0,0,0,0,0,0,0,0,0,0,0,0,0,0,0,0,0,0,0,0,0,0,0,0,0,0,0,0,0,0,51,130,100,2192,2288
240015,526,408,66,44,9999,0,1500,0,3813,7500,3,2,1651,492,2000,1,0,1,73,72,22,0,0,0,0,0,2192,2288,858,1707,0,15,31,31,26,4,10,15,0,0,19,0,0,12002,607,0,370,0,370,0,0,0,0,0,0,0,0,0,0,0,0,0,0,0,0,0,0,0,0,0,0,0,0,0,0,0,0,0,0,0,0,0,0,0,0,0,0,0,0,0,0,130,100,2192,2288
241015,526,408,66,44,9999,0,1500,0,3813,7500,3,2,1651,456,2000,1,0,1,73,72,21,0,0,0,0,0,2192,2288,894,1720,0,19,33,42,26,5,10,19,0,0,20,0,0,12002,607,0,370,0,370,0,0,0,0,0,0,0,0,0,0,0,0,0,0,0,0,0,0,0,0,0,0,0,0,0,0,0,0,0,0,0,0,0,0,0,0,0,0,0,0,0,0,130,100,2192,2288
242015,526,408,66,44,9999,0,1500,0,3813,7500,3,2,1651,456,2000,1,0,1,73,72,23,0,0,0,0,0,2192,2288,1124,1718,0,19,47,35,33,9,10,19,0,0,21,0,0,12002,607,0,370,0,370,0,0,0,0,0,0,0,0,0,0,0,0,0,0,0,0,0,0,0,0,0,0,0,0,0,0,0,0,0,0,0,0,0,0,0,0,0,0,0,0,0,0,130,100,2192,2288
243016,526,408,66,44,9999,0,1500,0,3813,7500,3,2,1651,456,2000,1,0,1,73,72,21,0,0,0,0,0,2192,2288,1035,1722,0,23,33,42,26,9,14,23,0,0,21,0,0,12002,607,0,370,0,370,0,0,0,0,0,0,0,0,0,0,0,0,0,0,0,0,0,0,0,0,0,0,0,0,0,0,0,0,0,0,0,0,0,0,0,0,0,0,0,0,0,0,130,100,2192,2288
244016,526,408,66,44,9999,0,1500,0,3813,7500,3,2,1651,456,2000,1,0,1,72,72,22,0,0,0,0,0,2192,2288,1021,1726,0,19,45,42,36,14,14,19,0,0,21,0,0,12002,607,0,370,0,370,0,0,0,0,0,0,0,0,0,0,0,0,0,0,0,0,0,0,0,0,0,0,0,0,0,0,0,0,0,0,0,0,0,0,0,0,0,0,0,0,0,0,130,100,2192,2288
245016,526,408,66,44,9999,0,1500,0,3783,7500,3,2,1651,456,2000,1,0,1,73,72,22,0,0,0,0,0,2192,2288,1190,1727,0,27,39,47,38,13,14,27,0,0,22,0,0,12002,607,0,370,0,370,0,0,0,0,0,0,0,0,0,0,0,0,0,0,0,0,0,0,0,0,0,0,0,0,0,0,0,0,0,0,0,0,0,0,0,0,0,0,0,0,0,0,130,100,2192,2288
246016,526,408,66,44,9999,0,1500,0,3783,7500,4,3,1651,456,2000,1,0,1,73,72,23,0,0,2,0,0,2192,2288,2403,2893,0,75,94,89,89,75,63,60,0,0,32,0,0,12002,607,0,370,0,370,2,1,0,0,0,0,0,0,0,0,0,0,0,0,0,0,0,0,0,0,0,0,0,0,0,0,0,0,0,0,0,0,0,0,0,0,0,0,0,0,0,0,130,100,2192,2288
247016,526,408,66,44,9999,0,1500,0,3783,7500,4,3,1920,545,2000,1,0,1,72,72,25,0,0,0,0,0,2192,2288,1729,2483,0,36,63,63,60,28,36,35,0,0,30,0,0,12002,607,0,370,0,370,0,0,0,0,0,0,0,0,0,0,0,0,0,0,0,0,0,0,0,0,0,0,0,0,0,0,0,0,0,0,0,0,0,0,0,0,0,0,0,0,0,0,130,100,2192,2288
248023,526,408,66,44,9999,0,1500,0,3783,7500,4,3,1920,545,2000,1,0,1,72,72,24,0,0,1,0,0,2192,2288,1916,2610,0,85,89,85,84,85,75,71,0,0,33,0,0,12002,607,0,370,0,370,1,1,0,0,0,0,0,0,0,0,0,0,0,0,0,0,0,0,0,0,0,0,0,0,0,0,0,0,0,0,0,0,0,0,0,0,0,0,0,0,0,0,130,100,2192,2288
249016,526,408,66,44,9999,0,1500,0,3783,7500,4,3,1920,545,2000,1,0,1,73,72,25,0,0,0,0,0,2192,2288,2852,2640,0,33,64,69,55,11,22,33,0,0,36,0,0,12002,607,0,370,0,370,0,0,0,0,0,0,0,0,0,0,0,0,0,0,0,0,0,0,0,0,0,0,0,0,0,0,0,0,0,0,0,0,0,0,0,0,0,0,0,0,0,0,130,100,2192,2288
250016,526,408,66,44,9999,0,1500,0,3783,7500,4,3,1920,545,2000,1,0,1,72,72,25,0,0,0,0,0,2192,2288,1974,2578,0,61,63,64,61,61,36,47,0,0,34,0,0,12002,607,0,370,0,370,0,0,0,0,0,0,0,0,0,0,0,0,0,0,0,0,0,0,0,0,0,0,0,0,0,0,0,0,0,0,0,0,0,0,0,0,0,0,0,0,0,0,130,100,2192,2288
251016,526,408,66,44,9999,0,1500,0,3783,7500,4,3,1920,545,2000,1,0,1,72,72,24,0,0,0,0,0,2192,2288,1832,2562,0,30,52,60,44,18,28,30,0,0,32,0,0,12002,607,0,370,0,370,0,0,0,0,0,0,0,0,0,0,0,0,0,0,0,0,0,0,0,0,0,0,0,0,0,0,0,0,0,0,0,0,0,0,0,0,0,0,0,0,0,0,130,100,2192,2288
252016,526,408,66,44,9999,0,1500,0,3783,7500,4,3,1920,545,2000,1,0,1,72,72,23,0,0,0,0,0,2192,2288,1547,2564,0,28,55,52,42,23,25,28,0,0,32,0,0,12002,607,0,370,0,370,0,0,0,0,0,0,0,0,0,0,0,0,0,0,0,0,0,0,0,0,0,0,0,0,0,0,0,0,0,0,0,0,0,0,0,0,0,0,0,0,0,0,130,100,2192,2288
253030,481,402,66,44,9999,0,1500,0,3783,7500,4,3,1920,545,2000,1,0,1,73,72,23,0,0,0,0,0,2192,2288,1783,2549,0,31,55,55,52,22,28,31,0,0,33,0,0,12002,600,0,370,0,370,0,0,0,0,0,0,0,0,0,0,0,0,0,0,0,0,0,0,0,0,0,0,0,0,0,0,0,0,0,0,0,0,0,0,0,0,0,0,0,0,0,0,130,100,2192,2288
254016,481,402,66,44,9999,0,1500,0,3783,7500,4,3,1920,545,2000,1,0,1,72,72,23,0,0,0,0,0,2192,2288,1580,2571,0,25,50,55,52,10,19,25,0,0,31,0,0,12002,600,0,370,0,370,0,0,0,0,0,0,0,0,0,0,0,0,0,0,0,0,0,0,0,0,0,0,0,0,0,0,0,0,0,0,0,0,0,0,0,0,0,0,0,0,0,0,130,100,2192,2288
255017,481,402,66,44,9999,0,1500,0,3800,7500,4,3,1920,545,2000,1,0,1,72,72,23,0,0,0,0,0,2192,2288,1789,2580,0,38,63,64,55,25,23,38,0,0,33,0,0,12002,600,0,370,0,370,0,0,0,0,0,0,0,0,0,0,0,0,0,0,0,0,0,0,0,0,0,0,0,0,0,0,0,0,0,0,0,0,0,0,0,0,0,0,0,0,0,0,130,100,2192,2288
256016,481,402,66,44,9999,0,1500,0,3800,7500,4,3,1920,545,2000,1,0,1,73,72,24,0,0,0,0,0,2192,2288,1644,2550,0,28,63,60,55,23,21,28,0,0,31,0,0,12002,600,0,370,0,370,0,0,0,0,0,0,0,0,0,0,0,0,0,0,0,0,0,0,0,0,0,0,0,0,0,0,0,0,0,0,0,0,0,0,0,0,0,0,0,0,0,0,130,100,2192,2288
257017,481,402,66,44,9999,0,1500,0,3800,7500,4,3,1920,545,2000,1,0,1,72,72,23,0,0,0,0,0,2192,2288,1656,2556,0,33,66,63,57,31,28,33,0,0,32,0,0,12002,600,0,370,0,370,0,0,0,0,0,0,0,0,0,0,0,0,0,0,0,0,0,0,0,0,0,0,0,0,0,0,0,0,0,0,0,0,0,0,0,0,0,0,0,0,0,0,130,100,2192,2288
258017,481,402,66,44,9999,0,1500,0,3800,7500,4,3,1920,545,2000,1,0,1,73,72,23,0,0,0,0,0,2192,2288,2445,2540,0,50,47,42,55,36,44,50,0,0,33,0,0,12002,600,0,370,0,370,0,0,0,0,0,0,0,0,0,0,0,0,0,0,0,0,0,0,0,0,0,0,0,0,0,0,0,0,0,0,0,0,0,0,0,0,0,0,0,0,0,0,130,100,2192,2288
259021,481,402,66,44,9999,0,1500,0,3800,7500,4,3,2361,545,2000,1,0,1,73,72,25,5,0,0,0,0,2192,2288,2616,2662,0,52,100,100,100,52,50,50,0,0,38,0,0,12002,600,0,370,0,370,0,0,0,0,0,0,0,0,0,0,0,0,0,0,0,0,0,0,0,0,0,0,0,0,0,0,0,0,0,0,0,0,0,0,0,0,0,0,0,0,0,0,130,100,2192,2288
260022,481,402,66,44,9999,0,1500,0,3800,7500,4,3,2361,545,2000,1,0,1,73,72,24,0,0,0,0,0,2192,2288,3122,2694,0,82,100,100,100,82,77,81,0,0,38,0,0,12002,600,0,370,0,370,0,0,0,0,0,0,0,0,0,0,0,0,0,0,0,0,0,0,0,0,0,0,0,0,0,0,0,0,0,0,0,0,0,0,0,0,0,0,0,0,0,0,130,100,2192,2288
261017,481,402,66,44,9999,0,1500,0,3800,7500,4,3,2361,545,2000,1,0,1,73,72,25,0,0,2,0,0,2192,2288,2579,2698,0,77,100,95,95,77,77,77,0,0,38,0,0,12002,600,0,370,0,370,2,1,0,0,0,0,0,0,0,0,0,0,0,0,0,0,0,0,0,0,0,0,0,0,0,0,0,0,0,0,0,0,0,0,0,0,0,0,0,0,0,0,130,100,2192,2288
262017,481,402,66,44,9999,0,1500,0,3800,7500,4,3,2361,545,2000,1,0,1,72,72,25,0,0,0,0,0,2192,2288,2495,2675,0,59,100,100,94,44,59,44,0,0,39,0,0,12002,600,0,370,0,370,0,0,0,0,0,0,0,0,0,0,0,0,0,0,0,0,0,0,0,0,0,0,0,0,0,0,0,0,0,0,0,0,0,0,0,0,0,0,0,0,0,0,130,100,2192,2288
263017,481,402,66,44,9999,0,1500,0,3800,7500,4,3,1920,545,2000,1,0,1,73,72,25,0,0,0,0,0,2192,2288,2342,2665,0,55,90,94,91,55,52,52,0,0,37,0,0,12002,600,0,370,0,370,0,0,0,0,0,0,0,0,0,0,0,0,0,0,0,0,0,0,0,0,0,0,0,0,0,0,0,0,0,0,0,0,0,0,0,0,0,0,0,0,0,0,130,100,2192,2288
264017,481,402,66,44,9999,0,1500,0,3800,7500,4,3,1920,545,2000,1,0,1,72,72,25,0,0,0,0,0,2192,2288,2185,2652,0,63,100,100,100,63,52,55,0,0,37,0,0,12002,600,0,370,0,370,0,0,0,0,0,0,0,0,0,0,0,0,0,0,0,0,0,0,0,0,0,0,0,0,0,0,0,0,0,0,0,0,0,0,0,0,0,0,0,0,0,0,130,100,2192,2288
265027,481,402,66,44,9999,0,1500,0,3800,7500,4,3,1920,545,2000,1,0,1,72,72,24,0,0,0,0,0,2192,2288,2890,2744,0,60,95,100,100,44,50,60,0,0,40,0,0,12002,600,0,370,0,370,0,0,0,0,0,0,0,0,0,0,0,0,0,0,0,0,0,0,0,0,0,0,0,0,0,0,0,0,0,0,0,0,0,0,0,0,0,0,0,0,0,0,130,100,2192,2288
266018,481,402,66,44,9999,0,1500,0,3745,7500,4,3,1920,545,2000,1,0,1,72,72,24,0,0,0,0,0,2192,2288,2435,2693,0,50,100,100,94,50,42,36,0,0,38,0,0,12002,600,0,370,0,370,0,0,0,0,0,0,0,0,0,0,0,0,0,0,0,0,0,0,0,0,0,0,0,0,0,0,0,0,0,0,0,0,0,0,0,0,0,0,0,0,0,0,130,100,2192,2288
267018,481,402,66,44,9999,0,1500,0,3745,7500,4,3,1920,545,2000,1,0,1,72,72,23,0,0,0,0,0,2192,2288,1879,2712,0,52,100,100,100,36,40,52,0,0,35,0,0,12002,600,0,370,0,370,0,0,0,0,0,0,0,0,0,0,0,0,0,0,0,0,0,0,0,0,0,0,0,0,0,0,0,0,0,0,0,0,0,0,0,0,0,0,0,0,0,0,130,100,2192,2288
268018,481,402,65,46,9999,0,1500,0,3741,7500,4,3,1920,545,2000,1,0,1,72,72,23,0,0,0,0,0,2192,2288,1852,2715,0,80,100,100,100,72,80,73,0,0,35,0,0,12002,600,0,370,0,370,0,0,0,0,0,0,0,0,0,0,0,0,0,0,0,0,0,0,0,0,0,0,0,0,0,0,0,0,0,0,0,0,0,0,0,0,0,0,0,0,0,0,130,100,2192,2288
269018,481,402,65,46,9999,0,1500,0,3741,7500,4,3,1920,545,2000,1,0,1,72,72,24,0,0,0,0,0,2192,2288,2265,2653,0,47,91,89,94,39,42,47,0,0,36,0,0,12002,600,0,370,0,370,0,0,0,0,0,0,0,0,0,0,0,0,0,0,0,0,0,0,0,0,0,0,0,0,0,0,0,0,0,0,0,0,0,0,0,0,0,0,0,0,0,0,130,100,2192,2288
270018,481,402,65,46,9999,0,1500,0,3741,7500,4,3,1920,545,2000,1,0,1,73,72,23,0,0,0,0,0,2192,2288,2233,2676,0,35,66,69,60,35,31,33,0,0,37,0,0,12002,600,0,370,0,370,0,0,0,0,0,0,0,0,0,0,0,0,0,0,0,0,0,0,0,0,0,0,0,0,0,0,0,0,0,0,0,0,0,0,0,0,0,0,0,0,0,0,130,100,2192,2288
271018,481,402,65,46,9999,0,1500,0,3741,7500,4,3,1920,545,2000,1,0,1,73,72,24,0,0,0,0,0,2192,2288,2199,2656,0,36,62,77,64,33,26,36,0,0,36,0,0,12002,600,0,370,0,370,0,0,0,0,0,0,0,0,0,0,0,0,0,0,0,0,0,0,0,0,0,0,0,0,0,0,0,0,0,0,0,0,0,0,0,0,0,0,0,0,0,0,130,100,2192,2288
272018,481,402,65,46,9999,0,1500,0,3741,7500,4,3,1920,545,2000,1,0,1,72,72,23,0,0,0,0,0,2192,2288,1778,2687,0,30,52,52,50,19,19,30,0,0,33,0,0,12002,600,0,370,0,370,0,0,0,0,0,0,0,0,0,0,0,0,0,0,0,0,0,0,0,0,0,0,0,0,0,0,0,0,0,0,0,0,0,0,0,0,0,0,0,0,0,0,130,100,2192,2288
273036,399,387,65,46,9999,0,1500,0,3741,7500,4,3,1920,545,2000,1,0,1,72,72,24,0,0,0,0,0,2192,2288,2070,2690,0,33,50,63,47,33,28,30,0,0,35,0,0,12002,582,0,370,0,370,0,0,0,0,0,0,0,0,0,0,0,0,0,0,0,0,0,0,0,0,0,0,0,0,0,0,0,0,0,0,0,0,0,0,0,0,0,0,0,0,0,0,130,100,2192,2288
274018,399,387,65,46,9999,0,1500,0,3741,7500,4,3,1920,545,2000,1,0,1,73,72,23,0,0,0,0,0,2192,2288,2263,2649,0,38,63,66,57,30,26,38,0,0,36,0,0,12002,582,0,370,0,370,0,0,0,0,0,0,0,0,0,0,0,0,0,0,0,0,0,0,0,0,0,0,0,0,0,0,0,0,0,0,0,0,0,0,0,0,0,0,0,0,0,0,130,100,2192,2288
275023,399,387,65,46,9999,0,1500,0,3788,7500,4,3,1920,545,2000,1,0,1,73,72,24,0,0,0,0,0,2192,2288,1721,2697,0,36,69,75,61,28,33,36,0,0,33,0,0,12002,582,0,370,0,370,0,0,0,0,0,0,0,0,0,0,0,0,0,0,0,0,0,0,0,0,0,0,0,0,0,0,0,0,0,0,0,0,0,0,0,0,0,0,0,0,0,0,130,100,2192,2288
276019,399,387,65,46,9999,0,1500,0,3788,7500,4,3,1920,545,2000,1,0,1,72,72,23,0,0,0,0,0,2192,2288,2028,2758,0,42,69,76,66,19,22,42,0,0,36,0,0,12002,582,0,370,0,370,0,0,0,0,0,0,0,0,0,0,0,0,0,0,0,0,0,0,0,0,0,0,0,0,0,0,0,0,0,0,0,0,0,0,0,0,0,0,0,0,0,0,130,100,2192,2288
277019,399,387,65,46,9999,0,1500,0,3788,7500,4,3,1920,545,2000,1,0,1,72,72,23,0,0,0,0,0,2192,2288,2074,2744,0,39,55,57,42,10,16,39,0,0,34,0,0,12002,582,0,370,0,370,0,0,0,0,0,0,0,0,0,0,0,0,0,0,0,0,0,0,0,0,0,0,0,0,0,0,0,0,0,0,0,0,0,0,0,0,0,0,0,0,0,0,130,100,2192,2288
278019,399,387,65,46,9999,0,1500,0,3788,7500,4,3,1920,545,2000,1,0,1,73,72,23,0,0,0,0,0,2192,2288,2191,2754,0,38,55,57,54,27,28,38,0,0,35,0,0,12002,582,0,370,0,370,0,0,0,0,0,0,0,0,0,0,0,0,0,0,0,0,0,0,0,0,0,0,0,0,0,0,0,0,0,0,0,0,0,0,0,0,0,0,0,0,0,0,130,100,2192,2288
279020,399,387,65,46,9999,0,1500,0,3788,7500,4,3,1920,545,2000,1,0,1,73,72,22,0,0,0,0,0,2192,2288,1962,2723,0,35,64,61,60,28,25,35,0,0,35,0,0,12002,582,0,370,0,370,0,0,0,0,0,0,0,0,0,0,0,0,0,0,0,0,0,0,0,0,0,0,0,0,0,0,0,0,0,0,0,0,0,0,0,0,0,0,0,0,0,0,130,100,2192,2288
280020,399,387,65,46,9999,0,1500,0,3788,7500,4,3,1920,545,2000,1,0,1,72,72,23,0,0,0,0,0,2192,2288,1758,2632,0,71,78,89,77,57,64,71,0,0,32,0,0,12002,582,0,370,0,370,0,0,0,0,0,0,0,0,0,0,0,0,0,0,0,0,0,0,0,0,0,0,0,0,0,0,0,0,0,0,0,0,0,0,0,0,0,0,0,0,0,0,130,100,2192,2288
281019,399,387,65,46,9999,0,1500,0,3788,7500,4,3,1920,545,2000,1,0,1,72,72,24,0,0,1,0,0,2192,2288,1875,2611,0,42,68,72,55,15,26,42,0,0,35,0,0,12002,582,0,370,0,370,1,1,0,0,0,0,0,0,0,0,0,0,0,0,0,0,0,0,0,0,0,0,0,0,0,0,0,0,0,0,0,0,0,0,0,0,0,0,0,0,0,0,130,100,2192,2288
282019,399,387,65,46,9999,0,1500,0,3788,7500,4,3,1920,545,2000,1,0,1,72,72,24,0,0,0,0,0,2192,2288,1909,2616,0,31,60,66,55,19,30,31,0,0,34,0,0,12002,582,0,370,0,370,0,0,0,0,0,0,0,0,0,0,0,0,0,0,0,0,0,0,0,0,0,0,0,0,0,0,0,0,0,0,0,0,0,0,0,0,0,0,0,0,0,0,130,100,2192,2288
283019,399,387,65,46,9999,0,1500,0,3788,7500,4,3,1920,545,2000,1,0,1,73,72,24,0,0,0,0,0,2192,2288,1700,2532,0,36,50,59,42,14,15,36,0,0,32,0,0,12002,582,0,370,0,370,0,0,0,0,0,0,0,0,0,0,0,0,0,0,0,0,0,0,0,0,0,0,0,0,0,0,0,0,0,0,0,0,0,0,0,0,0,0,0,0,0,0,130,100,2192,2288
284019,399,387,65,46,9999,0,1500,0,3788,7500,4,3,1920,545,2000,1,0,1,72,72,23,0,0,0,0,0,2192,2288,1961,2576,0,33,61,68,55,15,33,31,0,0,34,0,0,12002,582,0,370,0,370,0,0,0,0,0,0,0,0,0,0,0,0,0,0,0,0,0,0,0,0,0,0,0,0,0,0,0,0,0,0,0,0,0,0,0,0,0,0,0,0,0,0,130,100,2192,2288
285020,399,387,65,46,9999,0,1500,0,3788,7500,4,3,1920,545,2000,1,0,1,73,72,23,0,0,0,0,0,2192,2288,2126,2614,0,69,69,77,71,44,59,69,0,0,34,0,0,12002,582,0,370,0,370,0,0,0,0,0,0,0,0,0,0,0,0,0,0,0,0,0,0,0,0,0,0,0,0,0,0,0,0,0,0,0,0,0,0,0,0,0,0,0,0,0,0,130,100,2192,2288
286019,399,387,65,46,9999,0,1500,0,3777,7500,4,3,1920,545,2000,1,0,1,72,72,24,0,0,0,0,0,2192,2288,1898,2588,0,30,60,64,55,19,27,30,0,0,32,0,0,12002,582,0,370,0,370,0,0,0,0,0,0,0,0,0,0,0,0,0,0,0,0,0,0,0,0,0,0,0,0,0,0,0,0,0,0,0,0,0,0,0,0,0,0,0,0,0,0,130,100,2192,2288
287020,399,387,65,46,9999,0,1500,0,3777,7500,4,3,1920,545,2000,1,0,1,73,72,24,0,0,0,0,0,2192,2288,1607,2600,0,23,50,72,38,10,19,23,0,0,31,0,0,12002,582,0,370,0,370,0,0,0,0,0,0,0,0,0,0,0,0,0,0,0,0,0,0,0,0,0,0,0,0,0,0,0,0,0,0,0,0,0,0,0,0,0,0,0,0,0,0,130,100,2192,2288
288019,399,387,65,46,9999,0,1500,0,3777,7500,4,3,1920,545,2000,1,0,1,72,72,23,0,0,0,0,0,2192,2288,1655,2578,0,27,47,52,44,5,14,27,0,0,32,0,0,12002,582,0,370,0,370,0,0,0,0,0,0,0,0,0,0,0,0,0,0,0,0,0,0,0,0,0,0,0,0,0,0,0,0,0,0,0,0,0,0,0,0,0,0,0,0,0,0,130,100,2192,2288
289019,399,387,65,46,9999,0,1500,0,3777,7500,4,3,1920,545,2000,1,0,1,72,72,30,4,0,3,0,0,2192,2288,1871,2607,0,26,66,72,55,14,23,26,0,0,35,0,0,12002,582,0,370,0,370,2,1,0,0,0,0,0,0,0,0,0,0,0,0,0,0,0,0,0,0,0,0,0,0,0,0,0,0,0,0,0,0,0,0,0,0,0,0,0,0,0,0,130,100,2192,2288
290019,399,387,65,46,9999,0,1500,0,3777,7500,4,3,1920,545,2000,1,0,1,72,72,30,0,0,0,0,0,2192,2288,2242,2606,0,31,72,78,64,15,31,26,0,0,36,0,0,12002,582,0,370,0,370,0,0,0,0,0,0,0,0,0,0,0,0,0,0,0,0,0,0,0,0,0,0,0,0,0,0,0,0,0,0,0,0,0,0,0,0,0,0,0,0,0,0,130,100,2192,2288
291019,399,387,65,46,9999,0,1500,0,3777,7500,4,3,1920,545,2000,1,0,1,72,72,28,0,0,0,0,0,2192,2288,2053,2608,0,31,57,66,47,19,15,31,0,0,33,0,0,12002,582,0,370,0,370,0,0,0,0,0,0,0,0,0,0,0,0,0,0,0,0,0,0,0,0,0,0,0,0,0,0,0,0,0,0,0,0,0,0,0,0,0,0,0,0,0,0,130,100,2192,2288
292020,399,387,65,46,9999,0,1500,0,3777,7500,4,3,1920,545,2000,1,0,1,72,72,25,0,0,0,0,0,2192,2288,1803,2594,0,42,64,78,68,36,39,42,0,0,33,0,0,12002,582,0,370,0,370,0,0,0,0,0,0,0,0,0,0,0,0,0,0,0,0,0,0,0,0,0,0,0,0,0,0,0,0,0,0,0,0,0,0,0,0,0,0,0,0,0,0,130,100,2192,2288
293034,420,388,65,46,9999,0,1500,0,3777,7500,4,3,1920,545,2000,1,0,1,72,72,24,0,0,0,0,0,2192,2288,1602,2588,0,19,47,50,44,19,19,11,0,0,31,0,0,12002,584,0,370,0,370,0,0,0,0,0,0,0,0,0,0,0,0,0,0,0,0,0,0,0,0,0,0,0,0,0,0,0,0,0,0,0,0,0,0,0,0,0,0,0,0,0,0,130,100,2192,2288
294020,420,388,65,46,9999,0,1500,0,3777,7500,4,3,1920,545,2000,1,0,1,73,72,23,0,0,0,0,0,2192,2288,1577,2586,0,31,55,55,54,19,14,31,0,0,31,0,0,12002,584,0,370,0,370,0,0,0,0,0,0,0,0,0,0,0,0,0,0,0,0,0,0,0,0,0,0,0,0,0,0,0,0,0,0,0,0,0,0,0,0,0,0,0,0,0,0,130,100,2192,2288
295020,420,388,65,46,9999,0,1500,0,3777,7500,4,3,1920,545,2000,1,0,1,72,72,24,0,0,0,0,0,2192,2288,1651,2552,0,21,50,61,50,14,14,21,0,0,31,0,0,12002,584,0,370,0,370,0,0,0,0,0,0,0,0,0,0,0,0,0,0,0,0,0,0,0,0,0,0,0,0,0,0,0,0,0,0,0,0,0,0,0,0,0,0,0,0,0,0,130,100,2192,2288
296020,420,388,65,46,9999,0,1500,0,3762,7500,4,3,1920,545,2000,1,0,1,73,72,23,0,0,0,0,0,2192,2288,1667,2584,0,28,57,60,44,23,19,28,0,0,31,0,0,12002,584,0,370,0,370,0,0,0,0,0,0,0,0,0,0,0,0,0,0,0,0,0,0,0,0,0,0,0,0,0,0,0,0,0,0,0,0,0,0,0,0,0,0,0,0,0,0,130,100,2192,2288
297020,420,388,65,46,9999,0,1500,0,3762,7500,4,3,1920,545,2000,1,0,1,73,72,24,0,0,0,0,0,2192,2288,1921,2811,27,47,69,75,75,47,31,39,0,0,34,0,0,12002,584,0,370,0,370,0,0,0,0,0,0,0,0,0,0,0,0,0,0,0,0,0,0,0,0,0,0,0,0,0,0,0,0,0,0,0,0,0,0,0,0,0,0,0,0,0,27,130,100,2192,2288
298020,420,388,65,46,9999,0,1500,0,3762,7500,4,3,1920,545,2000,1,0,1,72,72,23,3,0,0,0,0,2192,2288,1614,2587,0,39,55,63,44,14,14,39,0,0,31,0,0,12002,584,0,370,0,370,0,0,0,0,0,0,0,0,0,0,0,0,0,0,0,0,0,0,0,0,0,0,0,0,0,0,0,0,0,0,0,0,0,0,0,0,0,0,0,0,0,0,130,100,2192,2288
299020,420,388,65,46,9999,0,1500,0,3762,7500,4,3,1920,545,2000,1,0,1,73,72,23,0,0,0,0,0,2192,2288,1595,2535,0,31,55,61,50,19,26,31,0,0,31,0,0,12002,584,0,370,0,370,0,0,0,0,0,0,0,0,0,0,0,0,0,0,0,0,0,0,0,0,0,0,0,0,0,0,0,0,0,0,0,0,0,0,0,0,0,0,0,0,0,0,130,100,2192,2288
300020,420,388,65,46,9999,0,1500,0,3792,7500,4,3,1920,545,2000,1,0,1,72,72,23,0,0,0,0,0,2192,2288,1556,2515,0,25,52,61,42,19,14,25,0,0,31,0,0,12002,584,0,370,0,370,0,0,0,0,0,0,0,0,0,0,0,0,0,0,0,0,0,0,0,0,0,0,0,0,0,0,0,0,0,0,0,0,0,0,0,0,0,0,0,0,0,0,130,100,2192,2288
301020,420,388,65,46,9999,0,1500,0,3792,7500,4,3,1920,545,2000,1,0,1,73,72,23,0,0,0,0,0,2192,2288,1558,2533,0,28,47,61,52,21,15,28,0,0,31,0,0,12002,584,0,370,0,370,0,0,0,0,0,0,0,0,0,0,0,0,0,0,0,0,0,0,0,0,0,0,0,0,0,0,0,0,0,0,0,0,0,0,0,0,0,0,0,0,0,0,130,100,2192,2288
302020,420,388,65,46,9999,0,1500,0,3792,7500,4,3,1920,545,2000,1,0,1,73,72,23,0,0,0,0,0,2192,2288,1934,2536,0,26,50,57,50,19,23,26,0,0,37,0,0,12002,584,0,370,0,370,0,0,0,0,0,0,0,0,0,0,0,0,0,0,0,0,0,0,0,0,0,0,0,0,0,0,0,0,0,0,0,0,0,0,0,0,0,0,0,0,0,0,130,100,2192,2288
303020,420,388,65,46,9999,0,1500,0,3792,7500,4,3,1920,545,2000,1,0,1,73,72,22,0,0,0,0,0,2192,2288,2448,2560,0,35,57,57,50,19,35,25,0,0,37,0,0,12002,584,0,370,0,370,0,0,0,0,0,0,0,0,0,0,0,0,0,0,0,0,0,0,0,0,0,0,0,0,0,0,0,0,0,0,0,0,0,0,0,0,0,0,0,0,0,0,130,100,2192,2288
304021,420,388,65,46,9999,0,1500,0,3792,7500,4,3,1920,545,2000,1,0,1,72,72,22,0,0,0,0,0,2192,2288,1898,2518,0,33,61,64,60,19,28,33,0,0,33,0,0,12002,584,0,370,0,370,0,0,0,0,0,0,0,0,0,0,0,0,0,0,0,0,0,0,0,0,0,0,0,0,0,0,0,0,0,0,0,0,0,0,0,0,0,0,0,0,0,0,130,100,2192,2288
305020,420,388,65,46,9999,0,1500,0,3792,7500,4,3,1920,545,2000,1,0,1,73,72,23,0,0,0,0,0,2192,2288,1592,2531,0,25,55,55,47,19,25,23,0,0,34,0,0,12002,584,0,370,0,370,0,0,0,0,0,0,0,0,0,0,0,0,0,0,0,0,0,0,0,0,0,0,0,0,0,0,0,0,0,0,0,0,0,0,0,0,0,0,0,0,0,0,130,100,2192,2288
306021,420,388,65,46,9999,0,1500,0,3751,7500,4,3,1920,545,2000,1,0,1,72,72,24,0,0,0,0,0,2192,2288,3438,2550,0,57,64,69,68,42,47,57,0,0,41,0,0,12002,584,0,370,0,370,0,0,0,0,0,0,0,0,0,0,0,0,0,0,0,0,0,0,0,0,0,0,0,0,0,0,0,0,0,0,0,0,0,0,0,0,0,0,0,0,0,0,130,100,2192,2288
307021,420,388,65,46,9999,0,1500,0,3751,7500,4,3,1920,545,2000,1,0,1,73,72,23,0,0,0,0,0,2192,2288,2713,2589,0,44,52,57,52,23,35,44,0,0,40,0,0,12002,584,0,370,0,370,0,0,0,0,0,0,0,0,0,0,0,0,0,0,0,0,0,0,0,0,0,0,0,0,0,0,0,0,0,0,0,0,0,0,0,0,0,0,0,0,0,0,130,100,2192,2288
308021,420,388,65,46,9999,0,1500,0,3751,7500,4,3,1920,545,2000,1,0,1,72,72,23,0,0,0,0,0,2192,2288,1675,2533,0,34,54,55,39,10,23,34,0,0,33,0,0,12002,584,0,370,0,370,0,0,0,0,0,0,0,0,0,0,0,0,0,0,0,0,0,0,0,0,0,0,0,0,0,0,0,0,0,0,0,0,0,0,0,0,0,0,0,0,0,0,130,100,2192,2288
309021,420,388,65,46,9999,0,1500,0,3751,7500,4,3,1920,545,2000,1,0,1,72,72,23,0,0,0,0,0,2192,2288,3083,2600,0,57,55,63,61,50,44,57,0,0,41,0,0,12002,584,0,370,0,370,0,0,0,0,0,0,0,0,0,0,0,0,0,0,0,0,0,0,0,0,0,0,0,0,0,0,0,0,0,0,0,0,0,0,0,0,0,0,0,0,0,0,130,100,2192,2288
310021,420,388,65,46,9999,0,1500,0,3751,7500,4,3,1920,545,2000,1,0,1,73,72,23,0,0,0,0,0,2192,2288,2927,2602,0,52,64,68,59,35,52,36,0,0,39,0,0,12002,584,0,370,0,370,0,0,0,0,0,0,0,0,0,0,0,0,0,0,0,0,0,0,0,0,0,0,0,0,0,0,0,0,0,0,0,0,0,0,0,0,0,0,0,0,0,0,130,100,2192,2288
311021,420,388,65,46,9999,0,1500,0,3751,7500,4,3,1920,545,2000,1,0,1,73,72,23,0,0,0,0,0,2192,2288,2493,2609,0,50,64,69,58,44,43,50,0,0,38,0,0,12002,584,0,370,0,370,0,0,0,0,0,0,0,0,0,0,0,0,0,0,0,0,0,0,0,0,0,0,0,0,0,0,0,0,0,0,0,0,0,0,0,0,0,0,0,0,0,0,130,100,2192,2288
312021,420,388,65,46,9999,0,1500,0,3751,7500,4,3,1920,545,2000,1,0,1,73,72,23,0,0,0,0,0,2192,2288,2253,2619,0,33,55,60,47,23,28,33,0,0,38,0,0,12002,584,0,370,0,370,0,0,0,0,0,0,0,0,0,0,0,0,0,0,0,0,0,0,0,0,0,0,0,0,0,0,0,0,0,0,0,0,0,0,0,0,0,0,0,0,0,0,130,100,2192,2288
313035,352,388,65,46,9999,0,1500,0,3751,7500,4,3,1920,545,2000,1,0,1,73,72,23,0,0,0,0,0,2192,2288,2149,2624,0,40,63,66,69,30,30,40,0,0,35,0,0,12002,584,0,370,0,370,0,0,0,0,0,0,0,0,0,0,0,0,0,0,0,0,0,0,0,0,0,0,0,0,0,0,0,0,0,0,0,0,0,0,0,0,0,0,0,0,0,0,130,100,2192,2288
314021,352,388,65,46,9999,0,1500,0,3751,7500,4,3,1920,545,2000,1,0,1,73,72,23,0,0,0,0,0,2192,2288,1956,2611,0,42,66,66,63,33,31,42,0,0,35,0,0,12002,584,0,370,0,370,0,0,0,0,0,0,0,0,0,0,0,0,0,0,0,0,0,0,0,0,0,0,0,0,0,0,0,0,0,0,0,0,0,0,0,0,0,0,0,0,0,0,130,100,2192,2288
315021,352,388,65,46,9999,0,1500,0,3751,7500,4,3,1920,545,2000,1,0,1,72,72,23,0,0,0,0,0,2192,2288,1709,2633,0,33,60,64,55,21,30,33,0,0,33,0,0,12002,584,0,370,0,370,0,0,0,0,0,0,0,0,0,0,0,0,0,0,0,0,0,0,0,0,0,0,0,0,0,0,0,0,0,0,0,0,0,0,0,0,0,0,0,0,0,0,130,100,2192,2288
316021,352,388,65,46,9999,0,1500,0,3791,7500,4,3,1920,545,2000,1,0,1,73,72,24,0,0,0,0,0,2192,2288,1770,2630,0,39,66,66,63,25,25,39,0,0,33,0,0,12002,584,0,370,0,370,0,0,0,0,0,0,0,0,0,0,0,0,0,0,0,0,0,0,0,0,0,0,0,0,0,0,0,0,0,0,0,0,0,0,0,0,0,0,0,0,0,0,130,100,2192,2288
317021,352,388,65,46,9999,0,1500,0,3791,7500,4,3,1920,545,2000,1,0,1,72,72,24,0,0,0,0,0,2192,2288,1760,2629,0,33,63,58,52,25,33,26,0,0,32,0,0,12002,584,0,370,0,370,0,0,0,0,0,0,0,0,0,0,0,0,0,0,0,0,0,0,0,0,0,0,0,0,0,0,0,0,0,0,0,0,0,0,0,0,0,0,0,0,0,0,130,100,2192,2288
318021,352,388,65,46,9999,0,1500,0,3791,7500,4,3,1920,545,2000,1,0,1,73,72,24,0,0,0,0,0,2192,2288,1607,2538,0,19,55,61,50,10,19,19,0,0,31,0,0,12002,584,0,370,0,370,0,0,0,0,0,0,0,0,0,0,0,0,0,0,0,0,0,0,0,0,0,0,0,0,0,0,0,0,0,0,0,0,0,0,0,0,0,0,0,0,0,0,130,100,2192,2288
319022,352,388,65,46,9999,0,1500,0,3791,7500,4,3,1920,545,2000,1,0,1,73,72,23,0,0,0,0,0,2192,2288,2731,2619,0,59,77,75,81,59,44,52,0,0,38,0,0,12002,584,0,370,0,370,0,0,0,0,0,0,0,0,0,0,0,0,0,0,0,0,0,0,0,0,0,0,0,0,0,0,0,0,0,0,0,0,0,0,0,0,0,0,0,0,0,0,130,100,2192,2288
320021,352,388,65,46,9999,0,1500,0,3791,7500,4,3,1920,545,2000,1,0,1,72,72,23,0,0,0,0,0,2192,2288,2986,2610,0,57,76,85,84,57,47,50,0,0,40,0,0,12002,584,0,370,0,370,0,0,0,0,0,0,0,0,0,0,0,0,0,0,0,0,0,0,0,0,0,0,0,0,0,0,0,0,0,0,0,0,0,0,0,0,0,0,0,0,0,0,130,100,2192,2288
321022,352,388,65,46,9999,0,1500,0,3791,7500,4,3,1920,545,2000,1,0,1,73,72,24,0,0,0,0,0,2192,2288,1896,2593,0,28,57,57,54,10,23,28,0,0,33,0,0,12002,584,0,370,0,370,0,0,0,0,0,0,0,0,0,0,0,0,0,0,0,0,0,0,0,0,0,0,0,0,0,0,0,0,0,0,0,0,0,0,0,0,0,0,0,0,0,0,130,100,2192,2288
322022,352,388,65,46,9999,0,1500,0,3791,7500,4,3,1920,545,2000,1,0,1,73,72,23,0,0,0,0,0,2192,2288,2032,2597,0,44,68,69,64,23,40,44,0,0,34,0,0,12002,584,0,370,0,370,0,0,0,0,0,0,0,0,0,0,0,0,0,0,0,0,0,0,0,0,0,0,0,0,0,0,0,0,0,0,0,0,0,0,0,0,0,0,0,0,0,0,130,100,2192,2288
323022,352,388,65,46,9999,0,1500,0,3791,7500,4,3,1920,545,2000,1,0,1,72,72,23,0,0,0,0,0,2192,2288,1612,2564,0,22,55,55,50,14,22,16,0,0,32,0,0,12002,584,0,370,0,370,0,0,0,0,0,0,0,0,0,0,0,0,0,0,0,0,0,0,0,0,0,0,0,0,0,0,0,0,0,0,0,0,0,0,0,0,0,0,0,0,0,0,130,100,2192,2288
324022,352,388,65,46,9999,0,1500,0,3791,7500,4,3,1920,545,2000,1,0,1,73,72,23,0,0,0,0,0,2192,2288,1685,2590,0,34,68,68,57,19,16,34,0,0,32,0,0,12002,584,0,370,0,370,0,0,0,0,0,0,0,0,0,0,0,0,0,0,0,0,0,0,0,0,0,0,0,0,0,0,0,0,0,0,0,0,0,0,0,0,0,0,0,0,0,0,130,100,2192,2288
325022,352,388,65,46,9999,0,1500,0,3791,7500,4,3,1920,545,2000,1,0,1,73,72,23,0,0,0,0,0,2192,2288,1904,2605,0,35,64,66,57,30,28,35,0,0,34,0,0,12002,584,0,370,0,370,0,0,0,0,0,0,0,0,0,0,0,0,0,0,0,0,0,0,0,0,0,0,0,0,0,0,0,0,0,0,0,0,0,0,0,0,0,0,0,0,0,0,130,100,2192,2288
326022,352,388,65,46,9999,0,1500,0,3762,7500,4,3,1920,545,2000,1,0,1,72,72,23,0,0,0,0,0,2192,2288,1798,2585,0,30,59,66,44,10,11,30,0,0,32,0,0,12002,584,0,370,0,370,0,0,0,0,0,0,0,0,0,0,0,0,0,0,0,0,0,0,0,0,0,0,0,0,0,0,0,0,0,0,0,0,0,0,0,0,0,0,0,0,0,0,130,100,2192,2288
327022,352,388,65,46,9999,0,1500,0,3762,7500,4,3,1920,545,2000,1,0,1,73,72,23,0,0,0,0,0,2192,2288,1579,2595,0,28,63,69,52,11,19,28,0,0,31,0,0,12002,584,0,370,0,370,0,0,0,0,0,0,0,0,0,0,0,0,0,0,0,0,0,0,0,0,0,0,0,0,0,0,0,0,0,0,0,0,0,0,0,0,0,0,0,0,0,0,130,100,2192,2288
328022,352,388,65,46,9999,0,1500,0,3762,7500,4,3,1920,545,2000,1,0,1,73,72,23,0,0,0,0,0,2192,2288,1859,2605,0,31,60,63,55,19,31,31,0,0,33,0,0,12002,584,0,370,0,370,0,0,0,0,0,0,0,0,0,0,0,0,0,0,0,0,0,0,0,0,0,0,0,0,0,0,0,0,0,0,0,0,0,0,0,0,0,0,0,0,0,0,130,100,2192,2288
329022,352,388,65,46,9999,0,1500,0,3762,7500,4,3,1920,545,2000,1,0,1,72,72,23,0,0,0,0,0,2192,2288,1985,2618,0,35,60,60,55,19,31,35,0,0,34,0,0,12002,584,0,370,0,370,0,0,0,0,0,0,0,0,0,0,0,0,0,0,0,0,0,0,0,0,0,0,0,0,0,0,0,0,0,0,0,0,0,0,0,0,0,0,0,0,0,0,130,100,2192,2288
330022,352,388,65,46,9999,0,1500,0,3762,7500,4,3,1920,545,2000,1,0,1,73,72,23,0,0,0,0,0,2192,2288,1866,2621,0,27,61,61,61,23,25,27,0,0,34,0,0,12002,584,0,370,0,370,0,0,0,0,0,0,0,0,0,0,0,0,0,0,0,0,0,0,0,0,0,0,0,0,0,0,0,0,0,0,0,0,0,0,0,0,0,0,0,0,0,0,130,100,2192,2288
331022,352,388,65,46,9999,0,1500,0,3762,7500,4,3,1920,545,2000,1,0,1,73,72,23,0,0,0,0,0,2192,2288,1612,2618,0,36,55,57,52,11,23,36,0,0,31,0,0,12002,584,0,370,0,370,0,0,0,0,0,0,0,0,0,0,0,0,0,0,0,0,0,0,0,0,0,0,0,0,0,0,0,0,0,0,0,0,0,0,0,0,0,0,0,0,0,0,130,100,2192,2288
332023,352,388,65,46,9999,0,1500,0,3762,7500,4,3,1920,545,2000,1,0,1,72,72,22,0,0,0,0,0,2192,2288,1550,2606,0,26,50,57,52,22,19,26,0,0,32,0,0,12002,584,0,370,0,370,0,0,0,0,0,0,0,0,0,0,0,0,0,0,0,0,0,0,0,0,0,0,0,0,0,0,0,0,0,0,0,0,0,0,0,0,0,0,0,0,0,0,130,100,2192,2288
333038,366,388,65,46,9999,0,1500,0,3762,7500,4,3,1920,545,2000,1,0,1,73,72,23,0,0,0,0,0,2192,2288,1796,2602,0,39,57,68,55,15,25,39,0,0,33,0,0,12002,584,0,370,0,370,0,0,0,0,0,0,0,0,0,0,0,0,0,0,0,0,0,0,0,0,0,0,0,0,0,0,0,0,0,0,0,0,0,0,0,0,0,0,0,0,0,0,130,100,2192,2288
334023,366,388,65,46,9999,0,1500,0,3762,7500,4,3,1920,545,2000,1,0,1,72,72,23,0,0,0,0,0,2192,2288,1788,2606,0,28,61,61,57,19,27,28,0,0,33,0,0,12002,584,0,370,0,370,0,0,0,0,0,0,0,0,0,0,0,0,0,0,0,0,0,0,0,0,0,0,0,0,0,0,0,0,0,0,0,0,0,0,0,0,0,0,0,0,0,0,130,100,2192,2288
335023,366,388,65,46,9999,0,1500,0,3762,7500,4,3,1920,545,2000,1,0,1,73,72,23,0,0,0,0,0,2192,2288,1866,2614,0,39,66,69,63,28,36,39,0,0,34,0,0,12002,584,0,370,0,370,0,0,0,0,0,0,0,0,0,0,0,0,0,0,0,0,0,0,0,0,0,0,0,0,0,0,0,0,0,0,0,0,0,0,0,0,0,0,0,0,0,0,130,100,2192,2288
336023,366,388,64,46,9999,0,1500,0,3769,7500,4,3,1920,545,2000,1,0,1,72,72,22,0,0,0,0,0,2192,2288,1889,2544,0,50,75,81,71,35,47,50,0,0,33,0,0,12002,584,0,370,0,370,0,0,0,0,0,0,0,0,0,0,0,0,0,0,0,0,0,0,0,0,0,0,0,0,0,0,0,0,0,0,0,0,0,0,0,0,0,0,0,0,0,0,130,100,2192,2288
337023,366,388,64,46,9999,0,1500,0,3769,7500,4,3,1920,545,2000,1,0,1,73,72,23,0,0,0,0,0,2192,2288,1697,2647,0,36,58,63,57,23,21,36,0,0,33,0,0,12002,584,0,370,0,370,0,0,0,0,0,0,0,0,0,0,0,0,0,0,0,0,0,0,0,0,0,0,0,0,0,0,0,0,0,0,0,0,0,0,0,0,0,0,0,0,0,0,130,100,2192,2288
338023,366,388,64,46,9999,0,1500,0,3769,7500,4,3,1920,545,2000,1,0,1,72,72,22,3,0,0,0,0,2192,2288,2425,2659,0,30,50,55,44,19,15,30,0,0,34,0,0,12002,584,0,370,0,370,0,0,0,0,0,0,0,0,0,0,0,0,0,0,0,0,0,0,0,0,0,0,0,0,0,0,0,0,0,0,0,0,0,0,0,0,0,0,0,0,0,0,130,100,2192,2288
339023,366,388,64,46,9999,0,1500,0,3769,7500,4,3,1920,545,2000,1,0,1,73,72,24,0,0,0,0,0,2192,2288,1730,2660,0,31,50,55,44,18,23,31,0,0,32,0,0,12002,584,0,370,0,370,0,0,0,0,0,0,0,0,0,0,0,0,0,0,0,0,0,0,0,0,0,0,0,0,0,0,0,0,0,0,0,0,0,0,0,0,0,0,0,0,0,0,130,100,2192,2288
340027,366,388,64,46,9999,0,1500,0,3769,7500,4,3,1920,545,2000,1,0,1,72,72,24,0,0,0,0,0,2192,2288,1665,2652,0,72,90,95,89,66,72,69,0,0,31,0,0,12002,584,0,370,0,370,0,0,0,0,0,0,0,0,0,0,0,0,0,0,0,0,0,0,0,0,0,0,0,0,0,0,0,0,0,0,0,0,0,0,0,0,0,0,0,0,0,0,130,100,2192,2288
341029,366,388,64,46,9999,0,1500,0,3769,7500,4,3,2361,545,2000,1,0,1,73,72,23,0,0,0,0,0,2192,2288,2178,2687,0,69,89,94,90,66,69,68,0,0,36,0,0,12002,584,0,370,0,370,0,0,0,0,0,0,0,0,0,0,0,0,0,0,0,0,0,0,0,0,0,0,0,0,0,0,0,0,0,0,0,0,0,0,0,0,0,0,0,0,0,0,130,100,2192,2288
342023,366,388,64,46,9999,0,1500,0,3769,7500,4,3,2361,545,2000,1,0,1,72,72,28,3,2,13,0,0,2192,2288,1858,2670,0,85,80,85,89,60,63,85,0,0,32,0,0,12002,584,0,370,0,370,7,1,0,0,0,0,0,0,0,0,0,0,0,0,0,0,0,0,0,0,0,0,0,0,0,0,0,0,0,0,0,0,0,0,0,0,0,0,0,0,0,0,130,100,2192,2288
343023,366,388,64,46,9999,0,1500,0,3769,7500,4,3,2361,545,2000,1,0,1,71,72,33,0,2,18,0,0,2192,2288,1593,2717,0,43,57,58,63,25,43,40,0,0,33,0,0,12002,584,0,370,0,370,14,1,0,0,0,0,0,0,0,0,0,0,0,0,0,0,0,0,0,0,0,0,0,0,0,0,0,0,0,0,0,0,0,0,0,0,0,0,0,0,0,0,130,100,2192,2288
344023,366,388,64,46,9999,0,1500,0,3769,7500,4,3,2361,545,2000,1,0,1,73,72,31,0,4,0,0,0,2192,2288,2125,2614,0,50,43,55,55,26,38,50,0,0,34,0,0,12002,584,0,370,0,370,0,0,0,0,0,0,0,0,0,0,0,0,0,0,0,0,0,0,0,0,0,0,0,0,0,0,0,0,0,0,0,0,0,0,0,0,0,0,0,0,0,0,130,100,2192,2288
345024,366,388,64,46,9999,0,1500,0,3769,7500,4,3,1920,545,2000,1,0,1,72,72,26,0,0,0,0,0,2192,2288,2310,2722,0,31,61,66,55,10,28,31,0,0,32,0,0,12002,584,0,370,0,370,0,0,0,0,0,0,0,0,0,0,0,0,0,0,0,0,0,0,0,0,0,0,0,0,0,0,0,0,0,0,0,0,0,0,0,0,0,0,0,0,0,0,130,100,2192,2288